[Licensing::Module] Trying to connect to existing licensing client channel...
Built from '6000.3/staging' branch; Version is '6000.3.22f1 (1c726e1fb402) revision 1864302'; Using compiler version '194234433'; Build Type 'Release'
[Licensing::IpcConnector] Channel LicenseClient-chenerxiao doesn't exist
OS: 'Windows 11  (10.0.26100) CoreCountrySpecific' Language: 'zh' Physical Memory: 32189 MB
BatchMode: 1, IsHumanControllingUs: 0, StartBugReporterOnCrash: 0, Is64bit: 1
System  architecture: x64
Process architecture: x64
Date: 2026-09-01T02:04:47Z
[Licensing::Module] Successfully launched the LicensingClient (PId: 3044)
[Licensing::IpcConnector] Successfully connected to: "LicenseClient-chenerxiao" at "2026-09-01T02:04:48.5444734Z"

COMMAND LINE ARGUMENTS:
F:\Unity\Editors\6000.3.22f1\Editor\Unity.exe
-batchmode
-nographics
-quit
-projectPath
C:\Users\chenerxiao\Desktop\新文化大赛\JiangnanProject
-logFile
C:\Users\chenerxiao\Desktop\新文化大赛\JiangnanProject\QA\unity-import-compile-2.log
Successfully changed project path to: C:\Users\chenerxiao\Desktop\新文化大赛\JiangnanProject
C:/Users/chenerxiao/Desktop/新文化大赛/JiangnanProject
[Licensing::Client] Code 10 while verifying Licensing Client signature (process Id: 3044, path: "F:/Unity/Editors/6000.3.22f1/Editor/Data/Resources/Licensing/Client/Unity.Licensing.Client.exe")
[Licensing::Module] LicensingClient has failed validation; ignoring
[UnityMemory] Configuration Parameters - Can be set up in boot.config
    "memorysetup-temp-allocator-size-nav-mesh-worker=65536"
    "memorysetup-temp-allocator-size-audio-worker=65536"
    "memorysetup-temp-allocator-size-gfx=262144"
    "memorysetup-allocator-temp-initial-block-size-main=262144"
    "memorysetup-allocator-temp-initial-block-size-worker=262144"
    "memorysetup-temp-allocator-size-background-worker=32768"
    "memorysetup-temp-allocator-size-job-worker=262144"
    "memorysetup-temp-allocator-size-preload-manager=33554432"
    "memorysetup-temp-allocator-size-gi-baking-worker=262144"
    "memorysetup-temp-allocator-size-gi-baking-worker=262144"
    "memorysetup-temp-allocator-size-gi-baking-worker=262144"
    "memorysetup-temp-allocator-size-gi-baking-worker=262144"
    "memorysetup-temp-allocator-size-gi-baking-worker=262144"
    "memorysetup-bucket-allocator-granularity=16"
    "memorysetup-bucket-allocator-bucket-count=8"
    "memorysetup-bucket-allocator-block-size=33554432"
    "memorysetup-bucket-allocator-block-count=8"
    "memorysetup-main-allocator-block-size=16777216"
    "memorysetup-thread-allocator-block-size=16777216"
    "memorysetup-gfx-main-allocator-block-size=16777216"
    "memorysetup-gfx-thread-allocator-block-size=16777216"
    "memorysetup-cache-allocator-block-size=4194304"
    "memorysetup-typetree-allocator-block-size=2097152"
    "memorysetup-profiler-bucket-allocator-granularity=16"
    "memorysetup-profiler-bucket-allocator-bucket-count=8"
    "memorysetup-profiler-bucket-allocator-block-size=33554432"
    "memorysetup-profiler-bucket-allocator-block-count=8"
    "memorysetup-profiler-allocator-block-size=16777216"
    "memorysetup-profiler-editor-allocator-block-size=1048576"
    "memorysetup-temp-allocator-size-main=16777216"
    "memorysetup-job-temp-allocator-block-size=2097152"
    "memorysetup-job-temp-allocator-block-size-background=1048576"
    "memorysetup-job-temp-allocator-reduction-small-platforms=262144"
    "memorysetup-temp-allocator-size-cloud-worker=32768"
Player connection [24460]  Target information:

Player connection [24460]  * "[IP] 26.6.80.240 [Port] 55504 [Flags] 2 [Guid] 3748238240 [EditorId] 3748238240 [Version] 1048832 [Id] WindowsEditor(7,LAPTOP-0KNAHACI) [Debug] 1 [PackageName] WindowsEditor [ProjectName] Editor" 

Player connection [24460]  * "[IP] 192.168.59.1 [Port] 55504 [Flags] 2 [Guid] 3748238240 [EditorId] 3748238240 [Version] 1048832 [Id] WindowsEditor(7,LAPTOP-0KNAHACI) [Debug] 1 [PackageName] WindowsEditor [ProjectName] Editor" 

Player connection [24460]  * "[IP] 192.168.133.1 [Port] 55504 [Flags] 2 [Guid] 3748238240 [EditorId] 3748238240 [Version] 1048832 [Id] WindowsEditor(7,LAPTOP-0KNAHACI) [Debug] 1 [PackageName] WindowsEditor [ProjectName] Editor" 

Player connection [24460]  * "[IP] 10.0.192.223 [Port] 55504 [Flags] 2 [Guid] 3748238240 [EditorId] 3748238240 [Version] 1048832 [Id] WindowsEditor(7,LAPTOP-0KNAHACI) [Debug] 1 [PackageName] WindowsEditor [ProjectName] Editor" 

Player connection [24460] Host joined multi-casting on [225.0.0.222:54997]...
Player connection [24460] Host joined alternative multi-casting on [225.0.0.222:34997]...
Input System module state changed to: Initialized.
[Physics::Module] Initialized fallback backend.
[Physics::Module] Id: 0xdecafbad
[Licensing::Client] Handshaking with LicensingClient:
  Version:                 1.18.1+9fbee8e
  Session Id:              f4cf26f6ef9e4bec977537f598451440
  Correlation Id:          408760d5a22300849726e8b06a75fbcb
  External correlation Id: 281115418521747367
  Machine Id:              sc7fAOkRYI8rgsseMU1LTXiJNeg=
[Licensing::Module] Successfully connected to LicensingClient on channel: "LicenseClient-chenerxiao" (connect: 0.57s, validation: 0.56s, handshake: 0.21s)
[Licensing::IpcConnector] Successfully connected to: "LicenseClient-chenerxiao-notifications" at "2026-09-01T02:04:49.3158211Z"
[Licensing::Module] Connected to LicensingClient (PId: 3044, launch time: 0.02, total connection time: 1.34s)
[Licensing::Module] Error: Access token is unavailable; failed to update
[Package Manager] Connected to IPC stream "Upm-28020" after 0.5 seconds.
[Licensing::Module] Licensing is not yet initialized.
[Licensing::Client] Successfully resolved entitlement details
[Licensing::Module] License group:
  Id: 2476034751777-UnityPersXXXX
  Product: Unity Personal
  Type: Assigned
  Expiration: Unlimited
[Licensing::Client] Successfully updated license, isAsync: True, time: 0.03
[Licensing::Client] Successfully resolved entitlement details
[Licensing::Module] Licensing Background thread has ended after 1.45s
[Licensing::Module] Licensing is initialized (took 0.06s).
[Licensing::Client] Successfully resolved entitlement details
Library Redirect Path: Library/
[Physics::Module] Selected backend.
[Physics::Module] Name: PhysX
[Physics::Module] Id: 0xf2b8ea05
[Physics::Module] SDK Version: 4.1.2
[Physics::Module] Integration Version: 1.0.0
[Physics::Module] Threading Mode: Multi-Threaded
Refreshing native plugins compatible for Editor in 0.00 ms, found 0 plugins.
Preloading 0 native plugins for Editor in 0.00 ms.
Initialize engine version: 6000.3.22f1 (1c726e1fb402)
[Subsystems] Discovering subsystems at path F:/Unity/Editors/6000.3.22f1/Editor/Data/Resources/UnitySubsystems
[Subsystems] Discovering subsystems at path C:/Users/chenerxiao/Desktop/新文化大赛/JiangnanProject/Assets
Forcing GfxDevice: Null
GfxDevice: creating device client; kGfxThreadingModeNonThreaded
NullGfxDevice:
    Version:  NULL 1.0 [1.0]
    Renderer: Null Device
    Vendor:   Unity Technologies
Initialize mono
Mono path[0] = 'F:/Unity/Editors/6000.3.22f1/Editor/Data/Managed'
Mono path[1] = 'F:/Unity/Editors/6000.3.22f1/Editor/Data/MonoBleedingEdge/lib/mono/unityjit-win32'
Mono config path = 'F:/Unity/Editors/6000.3.22f1/Editor/Data/MonoBleedingEdge/etc'
Using monoOptions --debugger-agent=transport=dt_socket,embedding=1,server=y,suspend=n,address=127.0.0.1:56020
Using cacheserver namespaces - metadata:defaultmetadata, artifacts:defaultartifacts
Using cacheserver namespaces - metadata:defaultmetadata, artifacts:defaultartifacts
ImportWorker Server TCP listen port: 0
AcceleratorClientConnectionCallback - disconnected - :0
Begin MonoManager ReloadAssembly
Registering precompiled unity dll's ...
Register platform support module: F:/Unity/Editors/6000.3.22f1/Editor/Data/PlaybackEngines/WebGLSupport/UnityEditor.WebGL.Extensions.dll
Register platform support module: F:/Unity/Editors/6000.3.22f1/Editor/Data/PlaybackEngines/WindowsStandaloneSupport/UnityEditor.WindowsStandalone.Extensions.dll
[Licensing::Client] Successfully resolved entitlement details
Register platform support module: F:/Unity/Editors/6000.3.22f1/Editor/Data/PlaybackEngines/AndroidPlayer/UnityEditor.Android.Extensions.dll
Registered in 0.021955 seconds.
- Loaded All Assemblies, in  0.525 seconds
Native extension for Android target not found
Native extension for WindowsStandalone target not found
Native extension for WebGL target not found
Package Manager log level set to [2]
ScheduleIndexationOnStartup MainProcess:False IndexOnStartup:False
Mono: successfully reloaded assembly
- Finished resetting the current domain, in  0.311 seconds
Domain Reload Profiling: 825ms
	BeginReloadAssembly (200ms)
		ExecutionOrderSort (0ms)
		DisableScriptedObjects (0ms)
		BackupInstance (0ms)
		ReleaseScriptingObjects (0ms)
		CreateAndSetChildDomain (16ms)
	RebuildCommonClasses (31ms)
	RebuildNativeTypeToScriptingClass (8ms)
	initialDomainReloadingComplete (79ms)
	LoadAllAssembliesAndSetupDomain (196ms)
		LoadAssemblies (175ms)
		RebuildTransferFunctionScriptingTraits (0ms)
		AnalyzeDomain (191ms)
			TypeCache.Refresh (189ms)
				TypeCache.ScanAssembly (174ms)
			BuildScriptInfoCaches (0ms)
			ResolveRequiredComponents (1ms)
	FinalizeReload (311ms)
		ReleaseScriptCaches (0ms)
		RebuildScriptCaches (0ms)
		SetupLoadedEditorAssemblies (281ms)
			LogAssemblyErrors (0ms)
			InitializePlatformSupportModulesInManaged (55ms)
			SetLoadedEditorAssemblies (4ms)
			BeforeProcessingInitializeOnLoad (59ms)
			ProcessInitializeOnLoadAttributes (98ms)
			ProcessInitializeOnLoadMethodAttributes (65ms)
			AfterProcessingInitializeOnLoad (0ms)
			EditorAssembliesLoaded (0ms)
		ExecutionOrderSort2 (0ms)
		AwakeInstancesAfterBackupRestoration (0ms)
[Licensing::Client] Successfully resolved entitlement details
Application.AssetDatabase Initial Refresh Start
[Package Manager] Done resolving packages in 22.96 seconds
[Licensing::Client] Successfully resolved entitlement details
[Package Manager] Lock file was modified
[Package Manager] Registered 47 packages:
  Packages from [https://packages.unity.com]:
    com.unity.collab-proxy@2.12.4 (location: C:\Users\chenerxiao\Desktop\新文化大赛\JiangnanProject\Library\PackageCache\com.unity.collab-proxy@0b1559bcd34e)
    com.unity.timeline@1.7.7 (location: C:\Users\chenerxiao\Desktop\新文化大赛\JiangnanProject\Library\PackageCache\com.unity.timeline@5dd5778a3906)
    com.unity.visualscripting@1.9.4 (location: C:\Users\chenerxiao\Desktop\新文化大赛\JiangnanProject\Library\PackageCache\com.unity.visualscripting@0920df93f957)
    com.unity.ide.visualstudio@2.0.26 (location: C:\Users\chenerxiao\Desktop\新文化大赛\JiangnanProject\Library\PackageCache\com.unity.ide.visualstudio@a99d56dec63f)
    com.unity.ide.rider@3.0.40 (location: C:\Users\chenerxiao\Desktop\新文化大赛\JiangnanProject\Library\PackageCache\com.unity.ide.rider@e4950c6d131b)
    com.unity.editorcoroutines@1.1.0 (location: C:\Users\chenerxiao\Desktop\新文化大赛\JiangnanProject\Library\PackageCache\com.unity.editorcoroutines@87a15ed012c2)
    com.unity.performance.profile-analyzer@1.4.0 (location: C:\Users\chenerxiao\Desktop\新文化大赛\JiangnanProject\Library\PackageCache\com.unity.performance.profile-analyzer@2bb26871883c)
    com.unity.testtools.codecoverage@1.3.0 (location: C:\Users\chenerxiao\Desktop\新文化大赛\JiangnanProject\Library\PackageCache\com.unity.testtools.codecoverage@19a841221620)
    com.unity.settings-manager@2.1.1 (location: C:\Users\chenerxiao\Desktop\新文化大赛\JiangnanProject\Library\PackageCache\com.unity.settings-manager@0b8638c5ce86)
  Built-in packages:
    com.unity.feature.development@1.0.2 (location: C:\Users\chenerxiao\Desktop\新文化大赛\JiangnanProject\Library\PackageCache\com.unity.feature.development@767aadbc6eb7)
    com.unity.textmeshpro@5.0.0 (location: C:\Users\chenerxiao\Desktop\新文化大赛\JiangnanProject\Library\PackageCache\com.unity.textmeshpro@53f43edfd2e0)
    com.unity.ugui@2.0.0 (location: C:\Users\chenerxiao\Desktop\新文化大赛\JiangnanProject\Library\PackageCache\com.unity.ugui@20629863fcab)
    com.unity.modules.ai@1.0.0 (location: C:\Users\chenerxiao\Desktop\新文化大赛\JiangnanProject\Library\PackageCache\com.unity.modules.ai)
    com.unity.modules.androidjni@1.0.0 (location: C:\Users\chenerxiao\Desktop\新文化大赛\JiangnanProject\Library\PackageCache\com.unity.modules.androidjni)
    com.unity.modules.animation@1.0.0 (location: C:\Users\chenerxiao\Desktop\新文化大赛\JiangnanProject\Library\PackageCache\com.unity.modules.animation)
    com.unity.modules.assetbundle@1.0.0 (location: C:\Users\chenerxiao\Desktop\新文化大赛\JiangnanProject\Library\PackageCache\com.unity.modules.assetbundle)
    com.unity.modules.audio@1.0.0 (location: C:\Users\chenerxiao\Desktop\新文化大赛\JiangnanProject\Library\PackageCache\com.unity.modules.audio)
    com.unity.modules.cloth@1.0.0 (location: C:\Users\chenerxiao\Desktop\新文化大赛\JiangnanProject\Library\PackageCache\com.unity.modules.cloth)
    com.unity.modules.director@1.0.0 (location: C:\Users\chenerxiao\Desktop\新文化大赛\JiangnanProject\Library\PackageCache\com.unity.modules.director)
    com.unity.modules.imageconversion@1.0.0 (location: C:\Users\chenerxiao\Desktop\新文化大赛\JiangnanProject\Library\PackageCache\com.unity.modules.imageconversion)
    com.unity.modules.imgui@1.0.0 (location: C:\Users\chenerxiao\Desktop\新文化大赛\JiangnanProject\Library\PackageCache\com.unity.modules.imgui)
    com.unity.modules.jsonserialize@1.0.0 (location: C:\Users\chenerxiao\Desktop\新文化大赛\JiangnanProject\Library\PackageCache\com.unity.modules.jsonserialize)
    com.unity.modules.particlesystem@1.0.0 (location: C:\Users\chenerxiao\Desktop\新文化大赛\JiangnanProject\Library\PackageCache\com.unity.modules.particlesystem)
    com.unity.modules.physics@1.0.0 (location: C:\Users\chenerxiao\Desktop\新文化大赛\JiangnanProject\Library\PackageCache\com.unity.modules.physics)
    com.unity.modules.physics2d@1.0.0 (location: C:\Users\chenerxiao\Desktop\新文化大赛\JiangnanProject\Library\PackageCache\com.unity.modules.physics2d)
    com.unity.modules.screencapture@1.0.0 (location: C:\Users\chenerxiao\Desktop\新文化大赛\JiangnanProject\Library\PackageCache\com.unity.modules.screencapture)
    com.unity.modules.terrain@1.0.0 (location: C:\Users\chenerxiao\Desktop\新文化大赛\JiangnanProject\Library\PackageCache\com.unity.modules.terrain)
    com.unity.modules.terrainphysics@1.0.0 (location: C:\Users\chenerxiao\Desktop\新文化大赛\JiangnanProject\Library\PackageCache\com.unity.modules.terrainphysics)
    com.unity.modules.tilemap@1.0.0 (location: C:\Users\chenerxiao\Desktop\新文化大赛\JiangnanProject\Library\PackageCache\com.unity.modules.tilemap)
    com.unity.modules.ui@1.0.0 (location: C:\Users\chenerxiao\Desktop\新文化大赛\JiangnanProject\Library\PackageCache\com.unity.modules.ui)
    com.unity.modules.uielements@1.0.0 (location: C:\Users\chenerxiao\Desktop\新文化大赛\JiangnanProject\Library\PackageCache\com.unity.modules.uielements)
    com.unity.modules.umbra@1.0.0 (location: C:\Users\chenerxiao\Desktop\新文化大赛\JiangnanProject\Library\PackageCache\com.unity.modules.umbra)
    com.unity.modules.unityanalytics@1.0.0 (location: C:\Users\chenerxiao\Desktop\新文化大赛\JiangnanProject\Library\PackageCache\com.unity.modules.unityanalytics)
    com.unity.modules.unitywebrequest@1.0.0 (location: C:\Users\chenerxiao\Desktop\新文化大赛\JiangnanProject\Library\PackageCache\com.unity.modules.unitywebrequest)
    com.unity.modules.unitywebrequestassetbundle@1.0.0 (location: C:\Users\chenerxiao\Desktop\新文化大赛\JiangnanProject\Library\PackageCache\com.unity.modules.unitywebrequestassetbundle)
    com.unity.modules.unitywebrequestaudio@1.0.0 (location: C:\Users\chenerxiao\Desktop\新文化大赛\JiangnanProject\Library\PackageCache\com.unity.modules.unitywebrequestaudio)
    com.unity.modules.unitywebrequesttexture@1.0.0 (location: C:\Users\chenerxiao\Desktop\新文化大赛\JiangnanProject\Library\PackageCache\com.unity.modules.unitywebrequesttexture)
    com.unity.modules.unitywebrequestwww@1.0.0 (location: C:\Users\chenerxiao\Desktop\新文化大赛\JiangnanProject\Library\PackageCache\com.unity.modules.unitywebrequestwww)
    com.unity.modules.vehicles@1.0.0 (location: C:\Users\chenerxiao\Desktop\新文化大赛\JiangnanProject\Library\PackageCache\com.unity.modules.vehicles)
    com.unity.modules.video@1.0.0 (location: C:\Users\chenerxiao\Desktop\新文化大赛\JiangnanProject\Library\PackageCache\com.unity.modules.video)
    com.unity.modules.vr@1.0.0 (location: C:\Users\chenerxiao\Desktop\新文化大赛\JiangnanProject\Library\PackageCache\com.unity.modules.vr)
    com.unity.modules.wind@1.0.0 (location: C:\Users\chenerxiao\Desktop\新文化大赛\JiangnanProject\Library\PackageCache\com.unity.modules.wind)
    com.unity.modules.xr@1.0.0 (location: C:\Users\chenerxiao\Desktop\新文化大赛\JiangnanProject\Library\PackageCache\com.unity.modules.xr)
    com.unity.modules.subsystems@1.0.0 (location: C:\Users\chenerxiao\Desktop\新文化大赛\JiangnanProject\Library\PackageCache\com.unity.modules.subsystems)
    com.unity.modules.hierarchycore@1.0.0 (location: C:\Users\chenerxiao\Desktop\新文化大赛\JiangnanProject\Library\PackageCache\com.unity.modules.hierarchycore)
    com.unity.test-framework@1.6.0 (location: C:\Users\chenerxiao\Desktop\新文化大赛\JiangnanProject\Library\PackageCache\com.unity.test-framework@bd7f943e9647)
    com.unity.ext.nunit@2.0.5 (location: C:\Users\chenerxiao\Desktop\新文化大赛\JiangnanProject\Library\PackageCache\com.unity.ext.nunit@d8c07649098d)
[Package Manager] com.unity.textmeshpro is deprecated: This package is no longer supported. TextMeshPro functionalities are now included in the com.unity.ugui package. To continue using them, consider adding it to your project dependencies.
[Subsystems] No new subsystems found in resolved package list.
[Package Manager] Done registering packages in 0.00 seconds
[API Updater] Processing imported assemblies took 100 ms (0/0 assembly(ies)).
Assembly Updater Post Process Assets time: 0.104579s
[ScriptCompilation] Requested script compilation because: Assembly Definition File(s) changed
[ScriptCompilation] Requested script compilation because: Assetdatabase observed changes in script compilation related files
Clearing Bee directory 'Library/Bee', since bee backend hash ('Library/Bee/bee_backend.info') is different, previous hash was 70bc25f0cc5589fcd57d9aa9a7517760e9488cd67a407f6f79e58914915a0c10 (Unity version: 2022.3.62f2c1), current hash is 221652679a0b4fc289978da683003511c34b2fffba1b894fd9359bd78c756953 (Unity version: 6000.3.22f1).
Starting: F:\Unity\Editors\6000.3.22f1\Editor\Data\Tools\BuildPipeline\bee_backend.exe --ipc --defer-dag-verification --dagfile="Library/Bee/1900b0aE.dag" --continue-on-failure --profile="Library/Bee/backend1.traceevents" ScriptAssemblies
WorkingDir: C:/Users/chenerxiao/Desktop/新文化大赛/JiangnanProject
ExitCode: 4 Duration: 0s65ms
[             ] Require frontend run.  Library/Bee/1900b0aE.dag couldn't be loaded
DisplayProgressbar: Compiling Scripts
Starting: F:\Unity\Editors\6000.3.22f1\Editor\Data\netcorerun\netcorerun.exe "F:\Unity\Editors\6000.3.22f1\Editor\Data\Tools\BuildPipeline\ScriptCompilationBuildProgram.exe" "Library/Bee/1900b0aE.dag.json" "Library/Bee/1900b0aE-inputdata.json" "Library\Bee\buildprogram0.traceevents"
WorkingDir: C:/Users/chenerxiao/Desktop/新文化大赛/JiangnanProject
ExitCode: 0 Duration: 0s414ms
Starting: F:\Unity\Editors\6000.3.22f1\Editor\Data\Tools\BuildPipeline\bee_backend.exe --ipc --defer-dag-verification --dagfile="Library/Bee/1900b0aE.dag" --continue-on-failure --dagfilejson="Library\Bee\1900b0aE.dag.json" --profile="Library/Bee/backend2.traceevents" ScriptAssemblies
WorkingDir: C:/Users/chenerxiao/Desktop/新文化大赛/JiangnanProject
ExitCode: 0 Duration: 1m:16s
Finished compiling graph: 419 nodes, 6009 flattened edges (5537 ToBuild, 60 ToUse), maximum node priority 283
[  1/416    0s] MovedFromExtractor Library/Bee/artifacts/mvdfrm/UnityEditor.PropertiesModule.dll_100B77E53476855F.mvfrm
[  2/416    0s] MovedFromExtractor Library/Bee/artifacts/mvdfrm/UnityEditor.DeviceSimulatorModule.dll_6716DB3BE13DAB66.mvfrm
[  3/416    0s] MovedFromExtractor Library/Bee/artifacts/mvdfrm/UnityEditor.SafeModeModule.dll_407056DCC8CBA08C.mvfrm
[  4/416    0s] MovedFromExtractor Library/Bee/artifacts/mvdfrm/UnityEditor.ShaderBuildSettingsModule.dll_6A2CA1150203D174.mvfrm
[  5/416    0s] MovedFromExtractor Library/Bee/artifacts/mvdfrm/UnityEditor.QuickInstallModule.dll_1076B29F9BA72E9A.mvfrm
[  6/416    0s] MovedFromExtractor Library/Bee/artifacts/mvdfrm/UnityEditor.EditorToolbarModule.dll_7E2A9ABA84C96876.mvfrm
[  7/416    0s] MovedFromExtractor Library/Bee/artifacts/mvdfrm/UnityEditor.GridModule.dll_14276DA8823EE742.mvfrm
[  8/416    0s] MovedFromExtractor Library/Bee/artifacts/mvdfrm/UnityEditor.SceneTemplateModule.dll_A1CA0B7883B612AE.mvfrm
[  9/416    0s] MovedFromExtractor Library/Bee/artifacts/mvdfrm/UnityEditor.PresetsUIModule.dll_9B4484C6C0B09190.mvfrm
[ 10/416    0s] MovedFromExtractor Library/Bee/artifacts/mvdfrm/UnityEditor.PhysicsModule.dll_08AF03A16F0D48CF.mvfrm
[ 11/416    0s] MovedFromExtractor Library/Bee/artifacts/mvdfrm/UnityEditor.MultiplayerModule.dll_ED7F43FCCB9EC272.mvfrm
[ 12/416    0s] MovedFromExtractor Library/Bee/artifacts/mvdfrm/UnityEditor.SceneViewModule.dll_1E8E2EECB37B0699.mvfrm
[ 13/416    0s] MovedFromExtractor Library/Bee/artifacts/mvdfrm/UnityEditor.Physics2DModule.dll_4523C715543253E1.mvfrm
[ 14/416    0s] MovedFromExtractor Library/Bee/artifacts/mvdfrm/UnityEditor.GraphViewModule.dll_DFDE4BE4BE58398B.mvfrm
[ 15/416    0s] MovedFromExtractor Library/Bee/artifacts/mvdfrm/UnityEditor.PlayModeModule.dll_866448966794AFF3.mvfrm
[ 16/416    0s] MovedFromExtractor Library/Bee/artifacts/mvdfrm/UnityEditor.HierarchyModule.dll_CD5252C07C37784D.mvfrm
[ 17/416    0s] MovedFromExtractor Library/Bee/artifacts/mvdfrm/UnityEditor.GIModule.dll_4DA292D355D6188E.mvfrm
[ 18/416    0s] MovedFromExtractor Library/Bee/artifacts/mvdfrm/UnityEditor.QuickSearchModule.dll_2FB3C40DC2AA908D.mvfrm
[ 19/416    0s] MovedFromExtractor Library/Bee/artifacts/mvdfrm/UnityEditor.EmbreeModule.dll_C241AEA9AD6FA0F4.mvfrm
[ 20/416    0s] MovedFromExtractor Library/Bee/artifacts/mvdfrm/UnityEditor.DiagnosticsModule.dll_A4A4430069D39434.mvfrm
[ 21/416    0s] MovedFromExtractor Library/Bee/artifacts/mvdfrm/UnityEditor.GridAndSnapModule.dll_AE5D2981ED385123.mvfrm
[ 22/416    0s] MovedFromExtractor Library/Bee/artifacts/mvdfrm/UnityEditor.MediaModule.dll_8C763C12C60952CC.mvfrm
[ 23/416    0s] MovedFromExtractor Library/Bee/artifacts/mvdfrm/UnityEditor.GraphicsStateCollectionSerializerModule.dll_34C6D5B36D7BB8CE.mvfrm
[ 24/416    0s] MovedFromExtractor Library/Bee/artifacts/mvdfrm/UnityEditor.CoreModule.dll_36B651BA69EA514B.mvfrm
[ 25/416    0s] MovedFromExtractor Library/Bee/artifacts/mvdfrm/UnityEditor.ShaderCompilationModule.dll_55C1C67DFD87C306.mvfrm
[ 26/416    0s] MovedFromExtractor Library/Bee/artifacts/mvdfrm/UnityEditor.ShaderFoundryModule.dll_E0A9DBBBA6658F3C.mvfrm
[ 27/416    0s] MovedFromExtractor Library/Bee/artifacts/mvdfrm/UnityEditor.SubstanceModule.dll_89BDD8BE4E101198.mvfrm
[ 28/416    0s] MovedFromExtractor Library/Bee/artifacts/mvdfrm/UnityEditor.SpriteShapeModule.dll_873854CAC8796D04.mvfrm
[ 29/416    0s] MovedFromExtractor Library/Bee/artifacts/mvdfrm/UnityEditor.SketchUpModule.dll_28853C2D13FD3CA3.mvfrm
[ 30/416    0s] MovedFromExtractor Library/Bee/artifacts/mvdfrm/UnityEditor.TextCoreFontEngineModule.dll_B24C6EDB6DCF9269.mvfrm
[ 31/416    0s] MovedFromExtractor Library/Bee/artifacts/mvdfrm/UnityEditor.TextCoreTextEngineModule.dll_FA34A54CFD534B87.mvfrm
[ 32/416    0s] MovedFromExtractor Library/Bee/artifacts/mvdfrm/UnityEditor.TerrainModule.dll_22F57F1044CB91BD.mvfrm
[ 33/416    0s] MovedFromExtractor Library/Bee/artifacts/mvdfrm/UnityEditor.TextRenderingModule.dll_EB6D2DB3D612C407.mvfrm
[ 34/416    0s] MovedFromExtractor Library/Bee/artifacts/mvdfrm/UnityEditor.TilemapModule.dll_C1F1E6915C8872C6.mvfrm
[ 35/416    0s] MovedFromExtractor Library/Bee/artifacts/mvdfrm/UnityEditor.SpriteMaskModule.dll_CBFCAB36E2FAB69D.mvfrm
[ 36/416    0s] MovedFromExtractor Library/Bee/artifacts/mvdfrm/UnityEditor.UIBuilderModule.dll_3466F9013110B2BF.mvfrm
[ 37/416    0s] MovedFromExtractor Library/Bee/artifacts/mvdfrm/UnityEditor.UIAutomationModule.dll_E2385350F6948927.mvfrm
[ 38/416    0s] MovedFromExtractor Library/Bee/artifacts/mvdfrm/UnityEditor.TreeModule.dll_946246C8F1AFE68A.mvfrm
[ 39/416    0s] MovedFromExtractor Library/Bee/artifacts/mvdfrm/UnityEditor.UIElementsModule.dll_3AE87300B46EDAA7.mvfrm
[ 40/416    0s] MovedFromExtractor Library/Bee/artifacts/mvdfrm/UnityEditor.UIElementsSamplesModule.dll_49F364061A83CE36.mvfrm
[ 41/416    0s] MovedFromExtractor Library/Bee/artifacts/mvdfrm/UnityEditor.VFXModule.dll_015C3511B77BB750.mvfrm
[ 42/416    0s] MovedFromExtractor Library/Bee/artifacts/mvdfrm/UnityEditor.UIToolkitAuthoringModule.dll_E5A303688C561629.mvfrm
[ 43/416    0s] MovedFromExtractor Library/Bee/artifacts/mvdfrm/UnityEditor.UnityConnectModule.dll_2CD171D67F04A581.mvfrm
[ 44/416    0s] MovedFromExtractor Library/Bee/artifacts/mvdfrm/UnityEditor.UmbraModule.dll_3B8ACE99D4E375B1.mvfrm
[ 45/416    0s] MovedFromExtractor Library/Bee/artifacts/mvdfrm/UnityEditor.VectorGraphicsModule.dll_79D22240F4A1239A.mvfrm
[ 46/416    0s] MovedFromExtractor Library/Bee/artifacts/mvdfrm/UnityEditor.XRModule.dll_366AD17D416308F6.mvfrm
[ 47/416    0s] MovedFromExtractor Library/Bee/artifacts/mvdfrm/UnityEditor.dll_0A068763AAC2765A.mvfrm
[ 48/416    0s] MovedFromExtractor Library/Bee/artifacts/mvdfrm/UnityEditor.VideoModule.dll_E5BFA6EC0A4EE5E3.mvfrm
[ 49/416    0s] MovedFromExtractor Library/Bee/artifacts/mvdfrm/UnityEngine.ARModule.dll_AD47A05882C1C308.mvfrm
[ 50/416    0s] MovedFromExtractor Library/Bee/artifacts/mvdfrm/UnityEngine.AIModule.dll_F3D4DB5525A4643F.mvfrm
[ 51/416    0s] MovedFromExtractor Library/Bee/artifacts/mvdfrm/UnityEngine.AndroidJNIModule.dll_B9315BD3FD8E497D.mvfrm
[ 52/416    0s] MovedFromExtractor Library/Bee/artifacts/mvdfrm/UnityEngine.ClothModule.dll_EDCB3BE05356D9C7.mvfrm
[ 53/416    0s] MovedFromExtractor Library/Bee/artifacts/mvdfrm/UnityEngine.AnimationModule.dll_AE63C80D98B50E31.mvfrm
[ 54/416    0s] MovedFromExtractor Library/Bee/artifacts/mvdfrm/UnityEngine.AssetBundleModule.dll_739CF6FF2511457F.mvfrm
[ 55/416    0s] MovedFromExtractor Library/Bee/artifacts/mvdfrm/UnityEngine.AudioModule.dll_86E2DEE57939FAE3.mvfrm
[ 56/416    0s] MovedFromExtractor Library/Bee/artifacts/mvdfrm/UnityEngine.ClusterInputModule.dll_AC6DE6EC308C7847.mvfrm
[ 57/416    0s] MovedFromExtractor Library/Bee/artifacts/mvdfrm/UnityEngine.ContentLoadModule.dll_0CB3503FF393ED6C.mvfrm
[ 58/416    0s] MovedFromExtractor Library/Bee/artifacts/mvdfrm/UnityEngine.ClusterRendererModule.dll_6CC39DAD50F8B8EA.mvfrm
[ 59/416    0s] MovedFromExtractor Library/Bee/artifacts/mvdfrm/UnityEngine.CrashReportingModule.dll_4A9D045B1075B5CE.mvfrm
[ 60/416    0s] MovedFromExtractor Library/Bee/artifacts/mvdfrm/UnityEngine.DSPGraphModule.dll_40D87AC6BEF74934.mvfrm
[ 61/416    0s] MovedFromExtractor Library/Bee/artifacts/mvdfrm/UnityEngine.CoreModule.dll_59D7250D11EFBC76.mvfrm
[ 62/416    0s] MovedFromExtractor Library/Bee/artifacts/mvdfrm/UnityEngine.DirectorModule.dll_3B87195D4C967813.mvfrm
[ 63/416    0s] MovedFromExtractor Library/Bee/artifacts/mvdfrm/UnityEngine.GraphicsStateCollectionSerializerModule.dll_3DBAA2A33A7B0233.mvfrm
[ 64/416    0s] MovedFromExtractor Library/Bee/artifacts/mvdfrm/UnityEngine.GIModule.dll_8C112462C1534C59.mvfrm
[ 65/416    0s] MovedFromExtractor Library/Bee/artifacts/mvdfrm/UnityEngine.GridModule.dll_374840FB2A44526D.mvfrm
[ 66/416    0s] MovedFromExtractor Library/Bee/artifacts/mvdfrm/UnityEngine.HotReloadModule.dll_2FAC861373E829B3.mvfrm
[ 67/416    0s] MovedFromExtractor Library/Bee/artifacts/mvdfrm/UnityEngine.HierarchyCoreModule.dll_4B8A13E9F2D99341.mvfrm
[ 68/416    0s] MovedFromExtractor Library/Bee/artifacts/mvdfrm/UnityEngine.GameCenterModule.dll_E37EA5EEC3CF3A6E.mvfrm
[ 69/416    0s] MovedFromExtractor Library/Bee/artifacts/mvdfrm/UnityEngine.IMGUIModule.dll_BF427E4C3F6B8EC4.mvfrm
[ 70/416    0s] MovedFromExtractor Library/Bee/artifacts/mvdfrm/UnityEngine.ImageConversionModule.dll_D8B59B5DD31D70DE.mvfrm
[ 71/416    0s] MovedFromExtractor Library/Bee/artifacts/mvdfrm/UnityEngine.IdentifiersModule.dll_4C267EF4E78A1397.mvfrm
[ 72/416    0s] MovedFromExtractor Library/Bee/artifacts/mvdfrm/UnityEngine.InputForUIModule.dll_E631000823EFD72A.mvfrm
[ 73/416    0s] MovedFromExtractor Library/Bee/artifacts/mvdfrm/UnityEngine.InputModule.dll_ED58A695EF721F87.mvfrm
[ 74/416    0s] MovedFromExtractor Library/Bee/artifacts/mvdfrm/UnityEngine.JSONSerializeModule.dll_3487004B83679AD5.mvfrm
[ 75/416    0s] MovedFromExtractor Library/Bee/artifacts/mvdfrm/UnityEngine.InputLegacyModule.dll_04E2121DBD02FB70.mvfrm
[ 76/416    0s] MovedFromExtractor Library/Bee/artifacts/mvdfrm/UnityEngine.InsightsModule.dll_D54DE1EDD713C792.mvfrm
[ 77/416    0s] MovedFromExtractor Library/Bee/artifacts/mvdfrm/UnityEngine.MarshallingModule.dll_1C059594093972D1.mvfrm
[ 78/416    0s] MovedFromExtractor Library/Bee/artifacts/mvdfrm/UnityEngine.LocalizationModule.dll_EABAB13EC8086B40.mvfrm
[ 79/416    0s] MovedFromExtractor Library/Bee/artifacts/mvdfrm/UnityEngine.MultiplayerModule.dll_F345138BDDD8D2F7.mvfrm
[ 80/416    0s] MovedFromExtractor Library/Bee/artifacts/mvdfrm/UnityEngine.PerformanceReportingModule.dll_21B2096F81954735.mvfrm
[ 81/416    0s] MovedFromExtractor Library/Bee/artifacts/mvdfrm/UnityEngine.ParticleSystemModule.dll_9DAF4DA77E87415C.mvfrm
[ 82/416    0s] MovedFromExtractor Library/Bee/artifacts/mvdfrm/UnityEngine.PropertiesModule.dll_10B9E52D36BA9EAA.mvfrm
[ 83/416    0s] MovedFromExtractor Library/Bee/artifacts/mvdfrm/UnityEngine.Physics2DModule.dll_FB09B7FE39B205C6.mvfrm
[ 84/416    0s] MovedFromExtractor Library/Bee/artifacts/mvdfrm/UnityEngine.PhysicsBackendPhysXModule.dll_FCA9D6AF4D0635F6.mvfrm
[ 85/416    0s] MovedFromExtractor Library/Bee/artifacts/mvdfrm/UnityEngine.PhysicsModule.dll_FB29BC4BD41C3014.mvfrm
[ 86/416    0s] MovedFromExtractor Library/Bee/artifacts/mvdfrm/UnityEngine.RenderAs2DModule.dll_51F1A7B31614E8E1.mvfrm
[ 87/416    0s] MovedFromExtractor Library/Bee/artifacts/mvdfrm/UnityEngine.RuntimeInitializeOnLoadManagerInitializerModule.dll_3E785559F364028F.mvfrm
[ 88/416    0s] MovedFromExtractor Library/Bee/artifacts/mvdfrm/UnityEngine.ShaderRuntimeModule.dll_6447203DD42FA4C0.mvfrm
[ 89/416    0s] MovedFromExtractor Library/Bee/artifacts/mvdfrm/UnityEngine.ScreenCaptureModule.dll_4E6EADD097D3C737.mvfrm
[ 90/416    0s] MovedFromExtractor Library/Bee/artifacts/mvdfrm/UnityEngine.ShaderVariantAnalyticsModule.dll_003F28E0C291CEBD.mvfrm
[ 91/416    0s] MovedFromExtractor Library/Bee/artifacts/mvdfrm/UnityEngine.SharedInternalsModule.dll_5CC6DA334A4B6C2E.mvfrm
[ 92/416    0s] MovedFromExtractor Library/Bee/artifacts/mvdfrm/UnityEngine.SpriteShapeModule.dll_8CFE2459DAB37D89.mvfrm
[ 93/416    0s] MovedFromExtractor Library/Bee/artifacts/mvdfrm/UnityEngine.SpriteMaskModule.dll_CCAB187EE53ECFE8.mvfrm
[ 94/416    0s] MovedFromExtractor Library/Bee/artifacts/mvdfrm/UnityEngine.StreamingModule.dll_62F8B55DE83CC56F.mvfrm
[ 95/416    0s] MovedFromExtractor Library/Bee/artifacts/mvdfrm/UnityEngine.SubstanceModule.dll_3FA3C9A7338FC37D.mvfrm
[ 96/416    1s] MovedFromExtractor Library/Bee/artifacts/mvdfrm/UnityEngine.TLSModule.dll_8C9F3EF650BE5BE8.mvfrm
[ 97/416    1s] MovedFromExtractor Library/Bee/artifacts/mvdfrm/UnityEngine.TerrainModule.dll_157037BAA9DA7902.mvfrm
[ 98/416    1s] MovedFromExtractor Library/Bee/artifacts/mvdfrm/UnityEngine.TerrainPhysicsModule.dll_9E29F67A97CA3BE9.mvfrm
[ 99/416    1s] MovedFromExtractor Library/Bee/artifacts/mvdfrm/UnityEngine.TextCoreFontEngineModule.dll_30ABEA2E80CD5134.mvfrm
[100/416    1s] MovedFromExtractor Library/Bee/artifacts/mvdfrm/UnityEngine.TextCoreTextEngineModule.dll_789420A010510A52.mvfrm
[101/416    1s] MovedFromExtractor Library/Bee/artifacts/mvdfrm/UnityEngine.SubsystemsModule.dll_37587EE0B386B7FB.mvfrm
[102/416    1s] MovedFromExtractor Library/Bee/artifacts/mvdfrm/UnityEngine.TextRenderingModule.dll_77AE1FDB4F0B472C.mvfrm
[103/416    1s] MovedFromExtractor Library/Bee/artifacts/mvdfrm/UnityEngine.TilemapModule.dll_B46C9F3BC1975A0B.mvfrm
[104/416    1s] MovedFromExtractor Library/Bee/artifacts/mvdfrm/UnityEngine.UIElementsModule.dll_3B96E048B6B2F3F2.mvfrm
[105/416    1s] MovedFromExtractor Library/Bee/artifacts/mvdfrm/UnityEngine.UIModule.dll_EF48798281EB69EB.mvfrm
[106/416    1s] MovedFromExtractor Library/Bee/artifacts/mvdfrm/UnityEngine.UnityAnalyticsModule.dll_BD4EBE712AAE9358.mvfrm
[107/416    1s] MovedFromExtractor Library/Bee/artifacts/mvdfrm/UnityEngine.UnityAnalyticsCommonModule.dll_BCF0C6B39B7DE593.mvfrm
[108/416    1s] MovedFromExtractor Library/Bee/artifacts/mvdfrm/UnityEngine.UnityConsentModule.dll_EBD68D1186973C7C.mvfrm
[109/416    1s] MovedFromExtractor Library/Bee/artifacts/mvdfrm/UnityEngine.UnityConnectModule.dll_1A30F5E5798CA62C.mvfrm
[110/416    0s] WriteText Library/Bee/artifacts/1900b0aE.dag/UnityEngine.TestRunner.UnityAdditionalFile.txt
[111/416    0s] WriteText Library/Bee/artifacts/1900b0aE.dag/UnityEngine.TestRunner.rsp2
[112/416    1s] MovedFromExtractor Library/Bee/artifacts/mvdfrm/UnityEngine.UmbraModule.dll_01B78AFE0660A656.mvfrm
[113/416    0s] WriteText Library/Bee/artifacts/1900b0aE.dag/UnityEngine.TestRunner.dll.mvfrm.rsp
[114/416    0s] WriteText Library/Bee/artifacts/1900b0aE.dag/UnityEngine.UI.rsp2
[115/416    0s] WriteText Library/Bee/artifacts/1900b0aE.dag/UnityEngine.TestRunner.rsp
[116/416    0s] WriteText Library/Bee/artifacts/1900b0aE.dag/UnityEngine.UI.UnityAdditionalFile.txt
[117/416    1s] MovedFromExtractor Library/Bee/artifacts/mvdfrm/Unity.Android.Gradle.dll_C22EAFAE87F040B3.mvfrm
[118/416    1s] MovedFromExtractor Library/Bee/artifacts/mvdfrm/Unity.Android.Types.dll_9E57CF7B14E6A939.mvfrm
[119/416    1s] MovedFromExtractor Library/Bee/artifacts/mvdfrm/UnityEngine.UnityCurlModule.dll_E180693F08C9001E.mvfrm
[120/416    1s] MovedFromExtractor Library/Bee/artifacts/mvdfrm/UnityEngine.UnityWebRequestModule.dll_EA54A307DE120B5D.mvfrm
[121/416    0s] MovedFromExtractor Library/Bee/artifacts/mvdfrm/UnityEngine.VideoModule.dll_ABEC63503BCC1688.mvfrm
[122/416    1s] MovedFromExtractor Library/Bee/artifacts/mvdfrm/UnityEngine.UnityWebRequestAssetBundleModule.dll_8BC35D68F5C37829.mvfrm
[123/416    0s] MovedFromExtractor Library/Bee/artifacts/mvdfrm/UnityEngine.VirtualTexturingModule.dll_840AEF66223FEF94.mvfrm
[124/416    1s] MovedFromExtractor Library/Bee/artifacts/mvdfrm/UnityEngine.VFXModule.dll_0D7DD765272BC555.mvfrm
[125/416    1s] MovedFromExtractor Library/Bee/artifacts/mvdfrm/UnityEngine.UnityWebRequestTextureModule.dll_3F850B3016C59342.mvfrm
[126/416    2s] MovedFromExtractor Library/Bee/artifacts/mvdfrm/UnityEngine.UnityWebRequestAudioModule.dll_99AE5D4E080011CD.mvfrm
[127/416    0s] MovedFromExtractor Library/Bee/artifacts/mvdfrm/UnityEngine.WindModule.dll_D0260035A3263ADF.mvfrm
[128/416    1s] MovedFromExtractor Library/Bee/artifacts/mvdfrm/UnityEngine.VRModule.dll_421AA00823A5EF63.mvfrm
[129/416    2s] MovedFromExtractor Library/Bee/artifacts/mvdfrm/UnityEngine.UnityWebRequestWWWModule.dll_435665FC0010C6BE.mvfrm
[130/416    1s] MovedFromExtractor Library/Bee/artifacts/mvdfrm/UnityEngine.VehiclesModule.dll_B34A12DCC6C047AE.mvfrm
[131/416    0s] MovedFromExtractor Library/Bee/artifacts/mvdfrm/UnityEngine.dll_3CAACE3C0936033F.mvfrm
[132/416    0s] WriteText Library/Bee/artifacts/1900b0aE.dag/UnityEditor.TestRunner.UnityAdditionalFile.txt
[133/416    0s] WriteText Library/Bee/artifacts/1900b0aE.dag/UnityEditor.TestRunner.rsp2
[134/416    0s] WriteText Library/Bee/artifacts/1900b0aE.dag/UnityEngine.UI.dll.mvfrm.rsp
[135/416    0s] WriteText Library/Bee/artifacts/1900b0aE.dag/UnityEngine.UI.rsp
[136/416    0s] WriteText Library/Bee/artifacts/1900b0aE.dag/UnityEditor.TestRunner.dll.mvfrm.rsp
[137/416    0s] WriteText Library/Bee/artifacts/1900b0aE.dag/UnityEditor.TestRunner.rsp
[138/416    0s] WriteText Library/Bee/artifacts/1900b0aE.dag/UnityEditor.UI.UnityAdditionalFile.txt
[139/416    0s] WriteText Library/Bee/artifacts/1900b0aE.dag/UnityEditor.UI.rsp2
[140/416    0s] MovedFromExtractor Library/Bee/artifacts/mvdfrm/UnityEngine.XRModule.dll_74D9630CACE03CC1.mvfrm
[141/416    0s] WriteText Library/Bee/artifacts/1900b0aE.dag/UnityEditor.UI.dll.mvfrm.rsp
[142/416    0s] WriteText Library/Bee/artifacts/1900b0aE.dag/Unity.VisualScripting.Core.rsp2
[143/416    0s] WriteText Library/Bee/artifacts/1900b0aE.dag/UnityEditor.UI.rsp
[144/416    0s] WriteText Library/Bee/artifacts/1900b0aE.dag/Unity.VisualScripting.Core.UnityAdditionalFile.txt
[145/416    0s] WriteText Library/Bee/artifacts/1900b0aE.dag/Unity.VisualScripting.Core.dll.mvfrm.rsp
[146/416    0s] WriteText Library/Bee/artifacts/1900b0aE.dag/Unity.VisualScripting.Flow.rsp2
[147/416    0s] WriteText Library/Bee/artifacts/1900b0aE.dag/Unity.VisualScripting.Core.rsp
[148/416    0s] WriteText Library/Bee/artifacts/1900b0aE.dag/Unity.VisualScripting.Flow.UnityAdditionalFile.txt
[149/416    0s] WriteText Library/Bee/artifacts/1900b0aE.dag/Unity.VisualScripting.Core.Editor.rsp2
[150/416    0s] WriteText Library/Bee/artifacts/1900b0aE.dag/Unity.VisualScripting.Core.Editor.UnityAdditionalFile.txt
[151/416    0s] WriteText Library/Bee/artifacts/1900b0aE.dag/Unity.VisualScripting.Flow.dll.mvfrm.rsp
[152/416    0s] WriteText Library/Bee/artifacts/1900b0aE.dag/Unity.VisualScripting.Flow.rsp
[153/416    0s] WriteText Library/Bee/artifacts/1900b0aE.dag/Unity.VisualScripting.Core.Editor.dll.mvfrm.rsp
[154/416    0s] WriteText Library/Bee/artifacts/1900b0aE.dag/Unity.VisualScripting.Core.Editor.rsp
[155/416    0s] WriteText Library/Bee/artifacts/1900b0aE.dag/Unity.VisualScripting.State.UnityAdditionalFile.txt
[156/416    0s] WriteText Library/Bee/artifacts/1900b0aE.dag/Unity.VisualScripting.State.rsp2
[157/416    0s] WriteText Library/Bee/artifacts/1900b0aE.dag/Unity.VisualScripting.Flow.Editor.rsp2
[158/416    0s] WriteText Library/Bee/artifacts/1900b0aE.dag/Unity.VisualScripting.Flow.Editor.UnityAdditionalFile.txt
[159/416    0s] WriteText Library/Bee/artifacts/1900b0aE.dag/Unity.InternalAPIEngineBridge.004.UnityAdditionalFile.txt
[160/416    0s] WriteText Library/Bee/artifacts/1900b0aE.dag/Unity.InternalAPIEngineBridge.004.rsp2
[161/416    0s] WriteText Library/Bee/artifacts/1900b0aE.dag/Unity.VisualScripting.Flow.Editor.dll.mvfrm.rsp
[162/416    0s] WriteText Library/Bee/artifacts/1900b0aE.dag/Unity.VisualScripting.State.dll.mvfrm.rsp
[163/416    0s] WriteText Library/Bee/artifacts/1900b0aE.dag/Unity.InternalAPIEngineBridge.004.dll.mvfrm.rsp
[164/416    0s] WriteText Library/Bee/artifacts/1900b0aE.dag/Unity.VisualScripting.State.rsp
[165/416    0s] WriteText Library/Bee/artifacts/1900b0aE.dag/Unity.VisualScripting.Flow.Editor.rsp
[166/416    0s] WriteText Library/Bee/artifacts/1900b0aE.dag/Unity.InternalAPIEngineBridge.004.rsp
[167/416    0s] WriteText Library/Bee/artifacts/1900b0aE.dag/Unity.TextMeshPro.UnityAdditionalFile.txt
[168/416    0s] WriteText Library/Bee/artifacts/1900b0aE.dag/Unity.TextMeshPro.rsp2
[169/416    0s] WriteText Library/Bee/artifacts/1900b0aE.dag/Unity.TestTools.CodeCoverage.Editor.OpenCover.Mono.Reflection.rsp2
[170/416    0s] WriteText Library/Bee/artifacts/1900b0aE.dag/Unity.TestTools.CodeCoverage.Editor.OpenCover.Mono.Reflection.UnityAdditionalFile.txt
[171/416    0s] WriteText Library/Bee/artifacts/1900b0aE.dag/Unity.Timeline.UnityAdditionalFile.txt
[172/416    0s] WriteText Library/Bee/artifacts/1900b0aE.dag/Unity.TestTools.CodeCoverage.Editor.OpenCover.Model.UnityAdditionalFile.txt
[173/416    0s] WriteText Library/Bee/artifacts/1900b0aE.dag/Unity.Timeline.rsp2
[174/416    0s] WriteText Library/Bee/artifacts/1900b0aE.dag/Unity.VisualScripting.State.Editor.rsp2
[175/416    0s] WriteText Library/Bee/artifacts/1900b0aE.dag/Unity.Settings.Editor.UnityAdditionalFile.txt
[176/416    0s] WriteText Library/Bee/artifacts/1900b0aE.dag/Unity.VisualScripting.State.Editor.UnityAdditionalFile.txt
[177/416    0s] WriteText Library/Bee/artifacts/1900b0aE.dag/Unity.TestTools.CodeCoverage.Editor.OpenCover.Model.rsp2
[178/416    0s] WriteText Library/Bee/artifacts/1900b0aE.dag/Unity.Settings.Editor.rsp2
[179/416    0s] WriteText Library/Bee/artifacts/1900b0aE.dag/Unity.TextMeshPro.dll.mvfrm.rsp
[180/416    0s] WriteText Library/Bee/artifacts/1900b0aE.dag/Unity.VisualScripting.State.Editor.dll.mvfrm.rsp
[181/416    0s] WriteText Library/Bee/artifacts/1900b0aE.dag/Unity.TextMeshPro.rsp
[182/416    0s] WriteText Library/Bee/artifacts/1900b0aE.dag/Unity.Timeline.dll.mvfrm.rsp
[183/416    0s] WriteText Library/Bee/artifacts/1900b0aE.dag/Unity.TestTools.CodeCoverage.Editor.OpenCover.Mono.Reflection.dll.mvfrm.rsp
[184/416    0s] WriteText Library/Bee/artifacts/1900b0aE.dag/Unity.TestTools.CodeCoverage.Editor.OpenCover.Model.dll.mvfrm.rsp
[185/416    0s] WriteText Library/Bee/artifacts/1900b0aE.dag/Unity.Settings.Editor.dll.mvfrm.rsp
[186/416    0s] WriteText Library/Bee/artifacts/1900b0aE.dag/Unity.TestTools.CodeCoverage.Editor.OpenCover.Mono.Reflection.rsp
[187/416    0s] WriteText Library/Bee/artifacts/1900b0aE.dag/Unity.Settings.Editor.rsp
[188/416    0s] WriteText Library/Bee/artifacts/1900b0aE.dag/Unity.VisualScripting.State.Editor.rsp
[189/416    0s] WriteText Library/Bee/artifacts/1900b0aE.dag/Unity.Timeline.rsp
[190/416    0s] WriteText Library/Bee/artifacts/1900b0aE.dag/Unity.TestTools.CodeCoverage.Editor.OpenCover.Model.rsp
[191/416    0s] WriteText Library/Bee/artifacts/1900b0aE.dag/Unity.PlasticSCM.Editor.rsp2
[192/416    0s] WriteText Library/Bee/artifacts/1900b0aE.dag/Unity.PlasticSCM.Editor.UnityAdditionalFile.txt
[193/416    0s] WriteText Library/Bee/artifacts/1900b0aE.dag/Unity.PlasticSCM.Editor.dll.mvfrm.rsp
[194/416    0s] WriteText Library/Bee/artifacts/1900b0aE.dag/Unity.PlasticSCM.Editor.rsp
[195/416    0s] WriteText Library/Bee/artifacts/1900b0aE.dag/Unity.VisualScripting.Shared.Editor.UnityAdditionalFile.txt
[196/416    0s] WriteText Library/Bee/artifacts/1900b0aE.dag/Unity.EditorCoroutines.Editor.UnityAdditionalFile.txt
[197/416    0s] WriteText Library/Bee/artifacts/1900b0aE.dag/Unity.VisualScripting.Shared.Editor.rsp2
[198/416    0s] WriteText Library/Bee/artifacts/1900b0aE.dag/Unity.EditorCoroutines.Editor.rsp2
[199/416    0s] WriteText Library/Bee/artifacts/1900b0aE.dag/Unity.VisualStudio.Editor.UnityAdditionalFile.txt
[200/416    0s] WriteText Library/Bee/artifacts/1900b0aE.dag/Unity.Performance.Profile-Analyzer.Editor.UnityAdditionalFile.txt
[201/416    0s] WriteText Library/Bee/artifacts/1900b0aE.dag/Unity.VisualStudio.Editor.rsp2
[202/416    0s] WriteText Library/Bee/artifacts/1900b0aE.dag/Unity.Performance.Profile-Analyzer.Editor.rsp2
[203/416    0s] WriteText Library/Bee/artifacts/1900b0aE.dag/UnityEditor.UI.Analytics.UnityAdditionalFile.txt
[204/416    0s] WriteText Library/Bee/artifacts/1900b0aE.dag/Unity.Rider.Editor.UnityAdditionalFile.txt
[205/416    0s] WriteText Library/Bee/artifacts/1900b0aE.dag/UnityEditor.UI.Analytics.rsp2
[206/416    0s] WriteText Library/Bee/artifacts/1900b0aE.dag/Unity.Rider.Editor.rsp2
[207/416    0s] WriteText Library/Bee/artifacts/1900b0aE.dag/Unity.TestTools.CodeCoverage.Editor.UnityAdditionalFile.txt
[208/416    0s] WriteText Library/Bee/artifacts/1900b0aE.dag/Unity.TestTools.CodeCoverage.Editor.rsp2
[209/416    0s] WriteText Library/Bee/artifacts/1900b0aE.dag/Unity.TextMeshPro.Editor.UnityAdditionalFile.txt
[210/416    0s] WriteText Library/Bee/artifacts/1900b0aE.dag/Unity.Timeline.Editor.UnityAdditionalFile.txt
[211/416    0s] WriteText Library/Bee/artifacts/1900b0aE.dag/Unity.Timeline.Editor.rsp2
[212/416    0s] WriteText Library/Bee/artifacts/1900b0aE.dag/Unity.VisualScripting.SettingsProvider.Editor.UnityAdditionalFile.txt
[213/416    0s] WriteText Library/Bee/artifacts/1900b0aE.dag/Unity.TextMeshPro.Editor.rsp2
[214/416    0s] WriteText Library/Bee/artifacts/1900b0aE.dag/Unity.VisualScripting.SettingsProvider.Editor.rsp2
[215/416    0s] WriteText Library/Bee/artifacts/1900b0aE.dag/Unity.EditorCoroutines.Editor.dll.mvfrm.rsp
[216/416    0s] WriteText Library/Bee/artifacts/1900b0aE.dag/Unity.Performance.Profile-Analyzer.Editor.dll.mvfrm.rsp
[217/416    0s] WriteText Library/Bee/artifacts/1900b0aE.dag/Unity.VisualStudio.Editor.dll.mvfrm.rsp
[218/416    0s] WriteText Library/Bee/artifacts/1900b0aE.dag/Unity.Timeline.Editor.dll.mvfrm.rsp
[219/416    0s] WriteText Library/Bee/artifacts/1900b0aE.dag/Unity.VisualScripting.Shared.Editor.dll.mvfrm.rsp
[220/416    0s] WriteText Library/Bee/artifacts/1900b0aE.dag/UnityEditor.UI.Analytics.dll.mvfrm.rsp
[221/416    0s] WriteText Library/Bee/artifacts/1900b0aE.dag/Unity.VisualScripting.SettingsProvider.Editor.dll.mvfrm.rsp
[222/416    0s] WriteText Library/Bee/artifacts/1900b0aE.dag/Unity.TextMeshPro.Editor.dll.mvfrm.rsp
[223/416    0s] WriteText Library/Bee/artifacts/1900b0aE.dag/Unity.TestTools.CodeCoverage.Editor.dll.mvfrm.rsp
[224/416    0s] WriteText Library/Bee/artifacts/1900b0aE.dag/Unity.Rider.Editor.dll.mvfrm.rsp
[225/416    0s] WriteText Library/Bee/artifacts/1900b0aE.dag/Unity.EditorCoroutines.Editor.rsp
[226/416    0s] WriteText Library/Bee/artifacts/1900b0aE.dag/Unity.Performance.Profile-Analyzer.Editor.rsp
[227/416    0s] WriteText Library/Bee/artifacts/1900b0aE.dag/Unity.Rider.Editor.rsp
[228/416    0s] WriteText Library/Bee/artifacts/1900b0aE.dag/Unity.VisualScripting.SettingsProvider.Editor.rsp
[229/416    0s] WriteText Library/Bee/artifacts/1900b0aE.dag/Unity.VisualStudio.Editor.rsp
[230/416    0s] WriteText Library/Bee/artifacts/1900b0aE.dag/Unity.VisualScripting.Shared.Editor.rsp
[231/416    0s] WriteText Library/Bee/artifacts/1900b0aE.dag/UnityEditor.UI.Analytics.rsp
[232/416    0s] WriteText Library/Bee/artifacts/1900b0aE.dag/Unity.Timeline.Editor.rsp
[233/416    0s] WriteText Library/Bee/artifacts/1900b0aE.dag/Unity.TextMeshPro.Editor.rsp
[234/416    0s] WriteText Library/Bee/artifacts/1900b0aE.dag/Unity.TestTools.CodeCoverage.Editor.rsp
[235/416    0s] WriteText Library/Bee/artifacts/1900b0aE.dag/Assembly-CSharp.dll.mvfrm.rsp
[236/416    0s] WriteText Library/Bee/artifacts/1900b0aE.dag/Assembly-CSharp.UnityAdditionalFile.txt
[237/416    0s] WriteText Library/Bee/artifacts/1900b0aE.dag/Assembly-CSharp.rsp2
[238/416    0s] WriteText Library/Bee/artifacts/1900b0aE.dag/Unity.CollabProxy.Editor.UnityAdditionalFile.txt
[239/416    0s] WriteText Library/Bee/artifacts/1900b0aE.dag/Unity.CollabProxy.Editor.rsp2
[240/416    0s] WriteText Library/Bee/artifacts/1900b0aE.dag/Unity.CollabProxy.Editor.dll.mvfrm.rsp
[241/416    0s] WriteText Library/Bee/artifacts/1900b0aE.dag/Unity.PlasticSCM.Editor.Entities.UnityAdditionalFile.txt
[242/416    0s] WriteText Library/Bee/artifacts/1900b0aE.dag/Unity.PlasticSCM.Editor.Entities.rsp2
[243/416    0s] WriteText Library/Bee/artifacts/1900b0aE.dag/Unity.PlasticSCM.Editor.Entities.dll.mvfrm.rsp
[244/416    0s] WriteText Library/Bee/artifacts/1900b0aE.dag/Assembly-CSharp.rsp
[245/416    0s] WriteText Library/Bee/artifacts/1900b0aE.dag/Unity.PlasticSCM.Editor.Entities.rsp
[246/416    0s] WriteText Library/Bee/artifacts/1900b0aE.dag/Unity.CollabProxy.Editor.rsp
[247/416    1s] MovedFromExtractor Library/Bee/artifacts/mvdfrm/UnityEditor.CoreBusinessMetricsModule.dll_E1F153E6554BCF2C.mvfrm
[248/416    1s] MovedFromExtractor Library/Bee/artifacts/mvdfrm/UnityEditor.BuildProfileModule.dll_319764605A20C067.mvfrm
[249/416    1s] MovedFromExtractor Library/Bee/artifacts/mvdfrm/UnityEditor.ClothModule.dll_279E7F7C21D9A922.mvfrm
[250/416    1s] MovedFromExtractor Library/Bee/artifacts/mvdfrm/UnityEditor.AssetComplianceModule.dll_9FF1EB2A5BF98F93.mvfrm
[251/416    1s] MovedFromExtractor Library/Bee/artifacts/mvdfrm/UnityEditor.AdaptivePerformanceModule.dll_62065A6C2F04A032.mvfrm
[252/416    2s] MovedFromExtractor Library/Bee/artifacts/mvdfrm/UnityEditor.AccessibilityModule.dll_482E84E80B33B726.mvfrm
[253/416    2s] MovedFromExtractor Library/Bee/artifacts/mvdfrm/Unity.VisualScripting.Antlr3.Runtime.dll_B414FB9F7CADAE7E.mvfrm
[254/416    2s] MovedFromExtractor Library/Bee/artifacts/mvdfrm/UnityEngine.NVIDIAModule.dll_1A52C6910B0CBBA2.mvfrm
[255/416    2s] MovedFromExtractor Library/Bee/artifacts/mvdfrm/Unity.Plastic.Newtonsoft.Json.dll_A51BAD6427AE4537.mvfrm
[256/416    2s] MovedFromExtractor Library/Bee/artifacts/mvdfrm/UnityEngine.HierarchyModule.dll_833843A961B72A32.mvfrm
[257/416    2s] MovedFromExtractor Library/Bee/artifacts/mvdfrm/UnityEditor.Graphs.dll_84E2EC01B3F1D07D.mvfrm
[258/416    2s] MovedFromExtractor Library/Bee/artifacts/mvdfrm/UnityEditor.WindowsStandalone.Extensions.dll_43627D0220F8A805.mvfrm
[259/416    2s] MovedFromExtractor Library/Bee/artifacts/mvdfrm/Unity.VisualScripting.YamlDotNet.dll_02A7D4BE4BE49E5F.mvfrm
[260/416    2s] MovedFromExtractor Library/Bee/artifacts/mvdfrm/Unity.VisualScripting.TextureAssets.dll_99C5FE120CB1FC57.mvfrm
[261/416    2s] MovedFromExtractor Library/Bee/artifacts/mvdfrm/Unity.VisualScripting.IonicZip.dll_01240C7CAF99232D.mvfrm
[262/416    2s] MovedFromExtractor Library/Bee/artifacts/mvdfrm/UnityEditor.WebGL.Extensions.dll_4AA0C94E67EB5D95.mvfrm
[263/416    2s] MovedFromExtractor Library/Bee/artifacts/mvdfrm/Unity.Plastic.Antlr3.Runtime.dll_DD74219FEE751F1E.mvfrm
[264/416    2s] MovedFromExtractor Library/Bee/artifacts/mvdfrm/UnityEditor.Android.Extensions.dll_69F8FDC01271DAD3.mvfrm
[265/416    2s] MovedFromExtractor Library/Bee/artifacts/mvdfrm/UnityEngine.AccessibilityModule.dll_D46F770F842C3A4B.mvfrm
[266/416    2s] MovedFromExtractor Library/Bee/artifacts/mvdfrm/UnityEngine.AMDModule.dll_8E0F7B91298DE095.mvfrm
[267/416    2s] MovedFromExtractor Library/Bee/artifacts/mvdfrm/UnityEngine.AdaptivePerformanceModule.dll_2295EF226A49F337.mvfrm
[268/416    2s] MovedFromExtractor Library/Bee/artifacts/mvdfrm/UnityEngine.VectorGraphicsModule.dll_34F683DC108DB7A5.mvfrm
[269/416    0s] MovedFromExtractor-Combine Library/Bee/artifacts/1900b0aE.dag/UnityEngine.UI.dll.mvfrm
[270/416    0s] MovedFromExtractor-Combine Library/Bee/artifacts/1900b0aE.dag/UnityEngine.TestRunner.dll.mvfrm
[271/416    1s] Csc Library/Bee/artifacts/1900b0aE.dag/UnityEngine.UI.dll (+2 others)
[272/416    1s] Csc Library/Bee/artifacts/1900b0aE.dag/UnityEngine.TestRunner.dll (+2 others)
[           0s] Csc Library/Bee/artifacts/1900b0aE.dag/UnityEngine.TestRunner.dll (+2 others) [CacheWrite 00000000000000000000000000000005]
[           0s] Csc Library/Bee/artifacts/1900b0aE.dag/UnityEngine.UI.dll (+2 others) [CacheWrite 00000000000000000000000000000005]
[273/416    0s] CopyFiles Library/ScriptAssemblies/UnityEngine.UI.pdb
[274/416    0s] CopyFiles Library/ScriptAssemblies/UnityEngine.UI.dll
[275/416    0s] CopyFiles Library/ScriptAssemblies/UnityEngine.TestRunner.pdb
[276/416    0s] CopyFiles Library/ScriptAssemblies/UnityEngine.TestRunner.dll
[277/416    0s] MovedFromExtractor Library/Bee/artifacts/mvdfrm/UnityEngine.TestRunner.ref.dll_E55D0F7C63F01D9E.mvfrm
[278/416    0s] MovedFromExtractor Library/Bee/artifacts/mvdfrm/UnityEngine.UI.ref.dll_08FEAA520A2EFD60.mvfrm
[279/416    0s] MovedFromExtractor-Combine Library/Bee/artifacts/1900b0aE.dag/UnityEditor.TestRunner.dll.mvfrm
[279/416    0s] Csc Library/Bee/artifacts/1900b0aE.dag/UnityEditor.TestRunner.dll (+2 others) [CacheHit 4d5441e1d378f36afc40a59b46e83a0c00000000000000000000000000000005]
[280/416   1788228327s] Csc Library/Bee/artifacts/1900b0aE.dag/UnityEditor.TestRunner.dll (+2 others)
[282/416    0s] CopyFiles Library/ScriptAssemblies/UnityEditor.TestRunner.pdb
[283/416    0s] CopyFiles Library/ScriptAssemblies/UnityEditor.TestRunner.dll
[284/416    0s] MovedFromExtractor Library/Bee/artifacts/mvdfrm/UnityEditor.TestRunner.ref.dll_193EC4CE382CBFB3.mvfrm
[285/416    0s] MovedFromExtractor-Combine Library/Bee/artifacts/1900b0aE.dag/UnityEditor.UI.dll.mvfrm
[286/416    0s] Csc Library/Bee/artifacts/1900b0aE.dag/UnityEditor.UI.dll (+2 others)
[           0s] Csc Library/Bee/artifacts/1900b0aE.dag/UnityEditor.UI.dll (+2 others) [CacheWrite 00000000000000000000000000000005]
[287/416    0s] CopyFiles Library/ScriptAssemblies/UnityEditor.UI.pdb
[288/416    0s] CopyFiles Library/ScriptAssemblies/UnityEditor.UI.dll
[289/416    0s] MovedFromExtractor Library/Bee/artifacts/mvdfrm/UnityEditor.UI.ref.dll_4C98D3F7040CD4F5.mvfrm
[290/416    0s] MovedFromExtractor-Combine Library/Bee/artifacts/1900b0aE.dag/Unity.Timeline.dll.mvfrm
[291/416    0s] MovedFromExtractor-Combine Library/Bee/artifacts/1900b0aE.dag/Unity.VisualScripting.Core.dll.mvfrm
[292/416    0s] MovedFromExtractor-Combine Library/Bee/artifacts/1900b0aE.dag/Unity.PlasticSCM.Editor.dll.mvfrm
[293/416    0s] MovedFromExtractor-Combine Library/Bee/artifacts/1900b0aE.dag/Unity.InternalAPIEngineBridge.004.dll.mvfrm
[294/416    0s] MovedFromExtractor-Combine Library/Bee/artifacts/1900b0aE.dag/Unity.Performance.Profile-Analyzer.Editor.dll.mvfrm
[295/416    0s] MovedFromExtractor-Combine Library/Bee/artifacts/1900b0aE.dag/Unity.VisualStudio.Editor.dll.mvfrm
[296/416    0s] MovedFromExtractor-Combine Library/Bee/artifacts/1900b0aE.dag/Unity.TestTools.CodeCoverage.Editor.OpenCover.Mono.Reflection.dll.mvfrm
[297/416    0s] MovedFromExtractor-Combine Library/Bee/artifacts/1900b0aE.dag/Unity.EditorCoroutines.Editor.dll.mvfrm
[298/416    0s] MovedFromExtractor-Combine Library/Bee/artifacts/1900b0aE.dag/Unity.Rider.Editor.dll.mvfrm
[299/416    0s] MovedFromExtractor-Combine Library/Bee/artifacts/1900b0aE.dag/Unity.TestTools.CodeCoverage.Editor.OpenCover.Model.dll.mvfrm
[300/416    0s] MovedFromExtractor-Combine Library/Bee/artifacts/1900b0aE.dag/Unity.Settings.Editor.dll.mvfrm
[301/416    0s] Csc Library/Bee/artifacts/1900b0aE.dag/Unity.Timeline.dll (+2 others)
[           0s] Csc Library/Bee/artifacts/1900b0aE.dag/Unity.Timeline.dll (+2 others) [CacheWrite 00000000000000000000000000000005]
[302/416    0s] CopyFiles Library/ScriptAssemblies/Unity.Timeline.pdb
[303/416    0s] CopyFiles Library/ScriptAssemblies/Unity.Timeline.dll
[304/416    0s] Csc Library/Bee/artifacts/1900b0aE.dag/Unity.InternalAPIEngineBridge.004.dll (+2 others)
[305/416    0s] MovedFromExtractor Library/Bee/artifacts/mvdfrm/Unity.Timeline.ref.dll_621CDDF9C514DF8F.mvfrm
[306/416    0s] Csc Library/Bee/artifacts/1900b0aE.dag/Unity.EditorCoroutines.Editor.dll (+2 others)
[307/416    0s] Csc Library/Bee/artifacts/1900b0aE.dag/Unity.TestTools.CodeCoverage.Editor.OpenCover.Mono.Reflection.dll (+2 others)
[308/416    0s] Csc Library/Bee/artifacts/1900b0aE.dag/Unity.TestTools.CodeCoverage.Editor.OpenCover.Model.dll (+2 others)
[309/416    0s] Csc Library/Bee/artifacts/1900b0aE.dag/Unity.Settings.Editor.dll (+2 others)
[310/416    0s] Csc Library/Bee/artifacts/1900b0aE.dag/Unity.Rider.Editor.dll (+2 others)
[           0s] Csc Library/Bee/artifacts/1900b0aE.dag/Unity.EditorCoroutines.Editor.dll (+2 others) [CacheWrite 00000000000000000000000000000005]
[           0s] Csc Library/Bee/artifacts/1900b0aE.dag/Unity.TestTools.CodeCoverage.Editor.OpenCover.Mono.Reflection.dll (+2 others) [CacheWrite 00000000000000000000000000000005]
[311/416    0s] Csc Library/Bee/artifacts/1900b0aE.dag/Unity.VisualStudio.Editor.dll (+2 others)
[           0s] Csc Library/Bee/artifacts/1900b0aE.dag/Unity.Settings.Editor.dll (+2 others) [CacheWrite 00000000000000000000000000000005]
[312/416    0s] CopyFiles Library/ScriptAssemblies/Unity.EditorCoroutines.Editor.pdb
[313/416    0s] CopyFiles Library/ScriptAssemblies/Unity.EditorCoroutines.Editor.dll
[314/416    0s] CopyFiles Library/ScriptAssemblies/Unity.TestTools.CodeCoverage.Editor.OpenCover.Mono.Reflection.pdb
Failure while invoking caching client: Csc Library/Bee/artifacts/1900b0aE.dag/Unity.TestTools.CodeCoverage.Editor.OpenCover.Model.dll (+2 others)
move_path failed: No error



[           0s] Csc Library/Bee/artifacts/1900b0aE.dag/Unity.TestTools.CodeCoverage.Editor.OpenCover.Model.dll (+2 others) [CacheWrite 00000000000000000000000000000005]
[315/416    0s] CopyFiles Library/ScriptAssemblies/Unity.TestTools.CodeCoverage.Editor.OpenCover.Mono.Reflection.dll
[           0s] Csc Library/Bee/artifacts/1900b0aE.dag/Unity.Rider.Editor.dll (+2 others) [CacheWrite 00000000000000000000000000000005]
[316/416    0s] CopyFiles Library/ScriptAssemblies/Unity.Settings.Editor.pdb
[317/416    0s] MovedFromExtractor-Combine Library/Bee/artifacts/1900b0aE.dag/Unity.Timeline.Editor.dll.mvfrm
[318/416    0s] CopyFiles Library/ScriptAssemblies/Unity.TestTools.CodeCoverage.Editor.OpenCover.Model.pdb
[           0s] Csc Library/Bee/artifacts/1900b0aE.dag/Unity.VisualStudio.Editor.dll (+2 others) [CacheWrite 00000000000000000000000000000005]
[319/416    0s] CopyFiles Library/ScriptAssemblies/Unity.TestTools.CodeCoverage.Editor.OpenCover.Model.dll
[320/416    0s] CopyFiles Library/ScriptAssemblies/Unity.Settings.Editor.dll
[321/416    0s] CopyFiles Library/ScriptAssemblies/Unity.Rider.Editor.pdb
[322/416    0s] MovedFromExtractor Library/Bee/artifacts/mvdfrm/Unity.TestTools.CodeCoverage.Editor.OpenCover.Mono.Reflection.ref.dll_E668CD773429A040.mvfrm
[323/416    0s] CopyFiles Library/ScriptAssemblies/Unity.VisualStudio.Editor.pdb
[324/416    0s] CopyFiles Library/ScriptAssemblies/Unity.Rider.Editor.dll
[325/416    0s] MovedFromExtractor Library/Bee/artifacts/mvdfrm/Unity.EditorCoroutines.Editor.ref.dll_34ED10A34098B2DB.mvfrm
[326/416    0s] MovedFromExtractor Library/Bee/artifacts/mvdfrm/Unity.Settings.Editor.ref.dll_7F5B154C05A780B0.mvfrm
[327/416    0s] MovedFromExtractor Library/Bee/artifacts/mvdfrm/Unity.TestTools.CodeCoverage.Editor.OpenCover.Model.ref.dll_D3B9364D6FB03093.mvfrm
[328/416    1s] Csc Library/Bee/artifacts/1900b0aE.dag/Unity.Performance.Profile-Analyzer.Editor.dll (+2 others)
[329/416    1s] Csc Library/Bee/artifacts/1900b0aE.dag/Unity.VisualScripting.Core.dll (+2 others)
[330/416    0s] MovedFromExtractor Library/Bee/artifacts/mvdfrm/Unity.Rider.Editor.ref.dll_9B5591808ABA37AF.mvfrm
[331/416    0s] MovedFromExtractor Library/Bee/artifacts/mvdfrm/Unity.VisualStudio.Editor.ref.dll_3A975DBA53ABA4AD.mvfrm
[332/416    0s] CopyFiles Library/ScriptAssemblies/Unity.VisualStudio.Editor.dll
[           0s] Csc Library/Bee/artifacts/1900b0aE.dag/Unity.Performance.Profile-Analyzer.Editor.dll (+2 others) [CacheWrite 00000000000000000000000000000005]
[333/416    0s] CopyFiles Library/ScriptAssemblies/Unity.Performance.Profile-Analyzer.Editor.pdb
[           0s] Csc Library/Bee/artifacts/1900b0aE.dag/Unity.VisualScripting.Core.dll (+2 others) [CacheWrite 00000000000000000000000000000005]
[334/416    0s] MovedFromExtractor-Combine Library/Bee/artifacts/1900b0aE.dag/Unity.TestTools.CodeCoverage.Editor.dll.mvfrm
[335/416    0s] CopyFiles Library/ScriptAssemblies/Unity.VisualScripting.Core.pdb
[336/416    0s] CopyFiles Library/ScriptAssemblies/Unity.Performance.Profile-Analyzer.Editor.dll
[337/416    0s] MovedFromExtractor Library/Bee/artifacts/mvdfrm/Unity.Performance.Profile-Analyzer.Editor.ref.dll_65A192712782EB2B.mvfrm
[338/416    2s] Csc Library/Bee/artifacts/1900b0aE.dag/Unity.PlasticSCM.Editor.dll (+2 others)
[339/416    0s] MovedFromExtractor Library/Bee/artifacts/mvdfrm/Unity.VisualScripting.Core.ref.dll_D75DF4EA1AFE54F4.mvfrm
[           0s] Csc Library/Bee/artifacts/1900b0aE.dag/Unity.PlasticSCM.Editor.dll (+2 others) [CacheWrite 00000000000000000000000000000005]
[340/416    0s] MovedFromExtractor-Combine Library/Bee/artifacts/1900b0aE.dag/Unity.VisualScripting.Flow.dll.mvfrm
[341/416    0s] CopyFiles Library/ScriptAssemblies/Unity.VisualScripting.Core.dll
[342/416    0s] MovedFromExtractor-Combine Library/Bee/artifacts/1900b0aE.dag/Unity.VisualScripting.Core.Editor.dll.mvfrm
[343/416    0s] Csc Library/Bee/artifacts/1900b0aE.dag/Unity.TestTools.CodeCoverage.Editor.dll (+2 others)
[344/416    0s] CopyFiles Library/ScriptAssemblies/Unity.PlasticSCM.Editor.pdb
[           0s] Csc Library/Bee/artifacts/1900b0aE.dag/Unity.TestTools.CodeCoverage.Editor.dll (+2 others) [CacheWrite 00000000000000000000000000000005]
[345/416    0s] CopyFiles Library/ScriptAssemblies/Unity.TestTools.CodeCoverage.Editor.pdb
[346/416    0s] CopyFiles Library/ScriptAssemblies/Unity.PlasticSCM.Editor.dll
[347/416    1s] Csc Library/Bee/artifacts/1900b0aE.dag/Unity.Timeline.Editor.dll (+2 others)
[348/416    0s] MovedFromExtractor Library/Bee/artifacts/mvdfrm/Unity.PlasticSCM.Editor.ref.dll_257AEB342BE77856.mvfrm
[           0s] Csc Library/Bee/artifacts/1900b0aE.dag/Unity.Timeline.Editor.dll (+2 others) [CacheWrite 00000000000000000000000000000005]
[349/416    0s] MovedFromExtractor Library/Bee/artifacts/mvdfrm/Unity.TestTools.CodeCoverage.Editor.ref.dll_F09CF4826CE11CD9.mvfrm
[350/416    0s] CopyFiles Library/ScriptAssemblies/Unity.TestTools.CodeCoverage.Editor.dll
[351/416    0s] CopyFiles Library/ScriptAssemblies/Unity.Timeline.Editor.pdb
[352/416    0s] MovedFromExtractor-Combine Library/Bee/artifacts/1900b0aE.dag/Unity.PlasticSCM.Editor.Entities.dll.mvfrm
[353/416    0s] MovedFromExtractor-Combine Library/Bee/artifacts/1900b0aE.dag/Unity.CollabProxy.Editor.dll.mvfrm
[354/416    0s] MovedFromExtractor Library/Bee/artifacts/mvdfrm/Unity.Timeline.Editor.ref.dll_0D3D3C0B73557612.mvfrm
[355/416    0s] Csc Library/Bee/artifacts/1900b0aE.dag/Unity.VisualScripting.Flow.dll (+2 others)
[356/416    0s] CopyFiles Library/ScriptAssemblies/Unity.Timeline.Editor.dll
[           0s] Csc Library/Bee/artifacts/1900b0aE.dag/Unity.VisualScripting.Flow.dll (+2 others) [CacheWrite 00000000000000000000000000000005]
[357/416    0s] Csc Library/Bee/artifacts/1900b0aE.dag/Unity.VisualScripting.Core.Editor.dll (+2 others)
[           0s] Csc Library/Bee/artifacts/1900b0aE.dag/Unity.VisualScripting.Core.Editor.dll (+2 others) [CacheWrite 00000000000000000000000000000005]
[358/416    0s] CopyFiles Library/ScriptAssemblies/Unity.VisualScripting.Flow.pdb
[359/416    0s] Csc Library/Bee/artifacts/1900b0aE.dag/Unity.PlasticSCM.Editor.Entities.dll (+2 others)
[360/416    0s] Csc Library/Bee/artifacts/1900b0aE.dag/Unity.CollabProxy.Editor.dll (+2 others)
[361/416    0s] CopyFiles Library/ScriptAssemblies/Unity.VisualScripting.Flow.dll
[           0s] Csc Library/Bee/artifacts/1900b0aE.dag/Unity.PlasticSCM.Editor.Entities.dll (+2 others) [CacheWrite 00000000000000000000000000000005]
[362/416    0s] CopyFiles Library/ScriptAssemblies/Unity.PlasticSCM.Editor.Entities.pdb
[363/416    0s] CopyFiles Library/ScriptAssemblies/Unity.VisualScripting.Core.Editor.pdb
[           0s] Csc Library/Bee/artifacts/1900b0aE.dag/Unity.CollabProxy.Editor.dll (+2 others) [CacheWrite 00000000000000000000000000000005]
[364/416    0s] MovedFromExtractor Library/Bee/artifacts/mvdfrm/Unity.VisualScripting.Flow.ref.dll_1E6ED5409D07C9A3.mvfrm
[365/416    0s] CopyFiles Library/ScriptAssemblies/Unity.VisualScripting.Core.Editor.dll
[366/416    0s] CopyFiles Library/ScriptAssemblies/Unity.PlasticSCM.Editor.Entities.dll
[367/416    0s] CopyFiles Library/ScriptAssemblies/Unity.CollabProxy.Editor.pdb
[368/416    0s] CopyFiles Library/ScriptAssemblies/Unity.CollabProxy.Editor.dll
[369/416    0s] MovedFromExtractor Library/Bee/artifacts/mvdfrm/Unity.VisualScripting.Core.Editor.ref.dll_EDC8690F57C5BDFD.mvfrm
[370/416    0s] MovedFromExtractor-Combine Library/Bee/artifacts/1900b0aE.dag/Unity.VisualScripting.State.dll.mvfrm
[371/416    0s] MovedFromExtractor-Combine Library/Bee/artifacts/1900b0aE.dag/Unity.VisualScripting.Flow.Editor.dll.mvfrm
[372/416    0s] Csc Library/Bee/artifacts/1900b0aE.dag/Unity.VisualScripting.State.dll (+2 others)
[           0s] Csc Library/Bee/artifacts/1900b0aE.dag/Unity.VisualScripting.State.dll (+2 others) [CacheWrite 00000000000000000000000000000005]
[373/416    0s] CopyFiles Library/ScriptAssemblies/Unity.VisualScripting.State.pdb
[374/416    0s] Csc Library/Bee/artifacts/1900b0aE.dag/Unity.VisualScripting.Flow.Editor.dll (+2 others)
[375/416    0s] CopyFiles Library/ScriptAssemblies/Unity.VisualScripting.State.dll
[376/416    0s] MovedFromExtractor Library/Bee/artifacts/mvdfrm/Unity.VisualScripting.State.ref.dll_D91762B7076BE462.mvfrm
[           0s] Csc Library/Bee/artifacts/1900b0aE.dag/Unity.VisualScripting.Flow.Editor.dll (+2 others) [CacheWrite 00000000000000000000000000000005]
[377/416    0s] CopyFiles Library/ScriptAssemblies/Unity.VisualScripting.Flow.Editor.pdb
[378/416    0s] MovedFromExtractor Library/Bee/artifacts/mvdfrm/Unity.VisualScripting.Flow.Editor.ref.dll_6AF951BE66A4493E.mvfrm
[379/416    0s] MovedFromExtractor-Combine Library/Bee/artifacts/1900b0aE.dag/Unity.VisualScripting.State.Editor.dll.mvfrm
[380/416    0s] MovedFromExtractor-Combine Library/Bee/artifacts/1900b0aE.dag/Unity.VisualScripting.SettingsProvider.Editor.dll.mvfrm
[381/416    0s] CopyFiles Library/ScriptAssemblies/Unity.VisualScripting.Flow.Editor.dll
[382/416    0s] Csc Library/Bee/artifacts/1900b0aE.dag/Unity.VisualScripting.SettingsProvider.Editor.dll (+2 others)
[           0s] Csc Library/Bee/artifacts/1900b0aE.dag/Unity.VisualScripting.SettingsProvider.Editor.dll (+2 others) [CacheWrite 00000000000000000000000000000005]
[383/416    0s] CopyFiles Library/ScriptAssemblies/Unity.VisualScripting.SettingsProvider.Editor.pdb
[384/416    0s] Csc Library/Bee/artifacts/1900b0aE.dag/Unity.VisualScripting.State.Editor.dll (+2 others)
[385/416    0s] CopyFiles Library/ScriptAssemblies/Unity.VisualScripting.SettingsProvider.Editor.dll
[           0s] Csc Library/Bee/artifacts/1900b0aE.dag/Unity.VisualScripting.State.Editor.dll (+2 others) [CacheWrite 00000000000000000000000000000005]
[386/416    0s] CopyFiles Library/ScriptAssemblies/Unity.VisualScripting.State.Editor.pdb
[387/416    0s] MovedFromExtractor Library/Bee/artifacts/mvdfrm/Unity.VisualScripting.SettingsProvider.Editor.ref.dll_A1A44354E0B583A8.mvfrm
[388/416    0s] MovedFromExtractor Library/Bee/artifacts/mvdfrm/Unity.VisualScripting.State.Editor.ref.dll_E03858E727F23F6F.mvfrm
[389/416    0s] MovedFromExtractor-Combine Library/Bee/artifacts/1900b0aE.dag/Unity.VisualScripting.Shared.Editor.dll.mvfrm
[390/416    0s] CopyFiles Library/ScriptAssemblies/Unity.VisualScripting.State.Editor.dll
[391/416    0s] Csc Library/Bee/artifacts/1900b0aE.dag/Unity.VisualScripting.Shared.Editor.dll (+2 others)
[           0s] Csc Library/Bee/artifacts/1900b0aE.dag/Unity.VisualScripting.Shared.Editor.dll (+2 others) [CacheWrite 00000000000000000000000000000005]
[392/416    0s] CopyFiles Library/ScriptAssemblies/Unity.VisualScripting.Shared.Editor.pdb
[393/416    0s] MovedFromExtractor Library/Bee/artifacts/mvdfrm/Unity.VisualScripting.Shared.Editor.ref.dll_9669F6EBFF6DFFB7.mvfrm
[BUSY      13s] Csc Library/Bee/artifacts/1900b0aE.dag/Unity.InternalAPIEngineBridge.004.dll (+2 others) [CacheWrite]
[BUSY      23s] Csc Library/Bee/artifacts/1900b0aE.dag/Unity.InternalAPIEngineBridge.004.dll (+2 others) [CacheWrite]
[          30s] Csc Library/Bee/artifacts/1900b0aE.dag/Unity.InternalAPIEngineBridge.004.dll (+2 others) [CacheWrite 00000000000000000000000000000005]
[394/416    0s] CopyFiles Library/ScriptAssemblies/Unity.InternalAPIEngineBridge.004.pdb
[395/416   23s] CopyFiles Library/ScriptAssemblies/Unity.VisualScripting.Shared.Editor.dll
[396/416    0s] MovedFromExtractor Library/Bee/artifacts/mvdfrm/Unity.InternalAPIEngineBridge.004.ref.dll_9F91F1CFF2D20E26.mvfrm
[397/416    0s] MovedFromExtractor-Combine Library/Bee/artifacts/1900b0aE.dag/Unity.TextMeshPro.dll.mvfrm
[398/416    0s] Csc Library/Bee/artifacts/1900b0aE.dag/Unity.TextMeshPro.dll (+2 others)
[399/416    1s] CopyFiles Library/ScriptAssemblies/Unity.InternalAPIEngineBridge.004.dll
[           0s] Csc Library/Bee/artifacts/1900b0aE.dag/Unity.TextMeshPro.dll (+2 others) [CacheWrite 00000000000000000000000000000005]
[400/416    0s] CopyFiles Library/ScriptAssemblies/Unity.TextMeshPro.pdb
[401/416    0s] MovedFromExtractor Library/Bee/artifacts/mvdfrm/Unity.TextMeshPro.ref.dll_84A4293DBDD182DB.mvfrm
[402/416    0s] MovedFromExtractor-Combine Library/Bee/artifacts/1900b0aE.dag/UnityEditor.UI.Analytics.dll.mvfrm
[403/416    0s] MovedFromExtractor-Combine Library/Bee/artifacts/1900b0aE.dag/Unity.TextMeshPro.Editor.dll.mvfrm
[404/416    0s] CopyFiles Library/ScriptAssemblies/Unity.TextMeshPro.dll
[405/416    0s] Csc Library/Bee/artifacts/1900b0aE.dag/Unity.TextMeshPro.Editor.dll (+2 others)
[406/416    0s] Csc Library/Bee/artifacts/1900b0aE.dag/UnityEditor.UI.Analytics.dll (+2 others)
[           0s] Csc Library/Bee/artifacts/1900b0aE.dag/UnityEditor.UI.Analytics.dll (+2 others) [CacheWrite 00000000000000000000000000000005]
[           0s] Csc Library/Bee/artifacts/1900b0aE.dag/Unity.TextMeshPro.Editor.dll (+2 others) [CacheWrite 00000000000000000000000000000005]
[407/416    0s] CopyFiles Library/ScriptAssemblies/UnityEditor.UI.Analytics.pdb
[408/416    0s] CopyFiles Library/ScriptAssemblies/Unity.TextMeshPro.Editor.pdb
[409/416    0s] CopyFiles Library/ScriptAssemblies/UnityEditor.UI.Analytics.dll
[410/416    0s] MovedFromExtractor Library/Bee/artifacts/mvdfrm/UnityEditor.UI.Analytics.ref.dll_3B64A5A3A726AD5D.mvfrm
[411/416    0s] MovedFromExtractor Library/Bee/artifacts/mvdfrm/Unity.TextMeshPro.Editor.ref.dll_159E061D77A10B86.mvfrm
[412/416    0s] MovedFromExtractor-Combine Library/Bee/artifacts/1900b0aE.dag/Assembly-CSharp.dll.mvfrm
[413/416    0s] CopyFiles Library/ScriptAssemblies/Unity.TextMeshPro.Editor.dll
[414/416    0s] Csc Library/Bee/artifacts/1900b0aE.dag/Assembly-CSharp.dll (+2 others)
Assets\Scripts\Unified\LanguageManager.cs(50,36): warning CS0618: 'Object.FindObjectOfType<T>()' is obsolete: 'Object.FindObjectOfType has been deprecated. Use Object.FindFirstObjectByType instead or if finding any instance is acceptable the faster Object.FindAnyObjectByType'

Assets\Scripts\Unified\GlobalSceneBootstrap.cs(18,34): warning CS0618: 'Object.FindObjectsOfType<T>()' is obsolete: 'Object.FindObjectsOfType has been deprecated. Use Object.FindObjectsByType instead which lets you decide whether you need the results sorted or not.  FindObjectsOfType sorts the results by InstanceID but if you do not need this using FindObjectSortMode.None is considerably faster.'

Assets\Scripts\Unified\GlobalSceneBootstrap.cs(32,33): warning CS0618: 'Object.FindObjectsOfType<T>()' is obsolete: 'Object.FindObjectsOfType has been deprecated. Use Object.FindObjectsByType instead which lets you decide whether you need the results sorted or not.  FindObjectsOfType sorts the results by InstanceID but if you do not need this using FindObjectSortMode.None is considerably faster.'
[415/416    0s] CopyFiles Library/ScriptAssemblies/Assembly-CSharp.pdb
[416/416   30s] CopyFiles Library/ScriptAssemblies/Assembly-CSharp.dll
*** Tundra build success (76.08 seconds - 0:01:16), 414 items updated, 416 evaluated
Assets\Scripts\Unified\LanguageManager.cs(50,36): warning CS0618: 'Object.FindObjectOfType<T>()' is obsolete: 'Object.FindObjectOfType has been deprecated. Use Object.FindFirstObjectByType instead or if finding any instance is acceptable the faster Object.FindAnyObjectByType'
Assets\Scripts\Unified\GlobalSceneBootstrap.cs(18,34): warning CS0618: 'Object.FindObjectsOfType<T>()' is obsolete: 'Object.FindObjectsOfType has been deprecated. Use Object.FindObjectsByType instead which lets you decide whether you need the results sorted or not.  FindObjectsOfType sorts the results by InstanceID but if you do not need this using FindObjectSortMode.None is considerably faster.'
Assets\Scripts\Unified\GlobalSceneBootstrap.cs(32,33): warning CS0618: 'Object.FindObjectsOfType<T>()' is obsolete: 'Object.FindObjectsOfType has been deprecated. Use Object.FindObjectsByType instead which lets you decide whether you need the results sorted or not.  FindObjectsOfType sorts the results by InstanceID but if you do not need this using FindObjectSortMode.None is considerably faster.'
AssetDatabase: script compilation time: 77.777262s
Begin MonoManager ReloadAssembly
[Licensing::Client] Successfully resolved entitlement details
Total cache size 67006126
- Loaded All Assemblies, in  0.942 seconds
Start importing ProjectSettings/ProjectSettings.asset using Guid(00000000000000004000000000000000) (LibraryAssetImporter) -> (artifact id: 'c703d1853611f7d9f299f914dbcbbb15') in 0.0130969 seconds
Start importing ProjectSettings/MultiplayerManager.asset using Guid(00000000000000000200000000000000) (LibraryAssetImporter) -> (artifact id: 'f060d13f2990d90fc35c577bb4111c66') in 0.0043353 seconds
Start importing Library/BuildInstructions using Guid(00000000000000002300000000000000) (DefaultImporter) -> (artifact id: 'ade3aeda13ad9960ede0e143cb33502a') in 0.000586 seconds
Start importing Packages/com.unity.textmeshpro using Guid(133253302917d5d414acd1f34b796e11) (DefaultImporter) -> (artifact id: '64e20718c99e533d12264eda07676cf3') in 0.0005646 seconds
Start importing Packages/com.unity.test-framework using Guid(33265d99cc03f644590814fd7c9d9012) (DefaultImporter) -> (artifact id: 'bb6c38ffcf6f38ac724d9ac027ca0c21') in 0.0004687 seconds
Start importing Packages/com.unity.feature.development using Guid(047d5b8b7be881e97fecf873d5e3618a) (DefaultImporter) -> (artifact id: 'b7a9fc2f7aa8cbbf68958574f3d12639') in 0.0005123 seconds
Start importing Packages/com.unity.settings-manager using Guid(e5399d0c8a4c39ad88315355abddd91c) (DefaultImporter) -> (artifact id: 'f0beac0e25886375b214d464553c29b2') in 0.0004569 seconds
Start importing Assets/Resources using Guid(2613a633e56df9b4f87fa7a6bb8365ee) (DefaultImporter) -> (artifact id: 'b4f8734d520e5f224c13f92d22704e28') in 0.0023929 seconds
Start importing Packages/com.unity.testtools.codecoverage using Guid(67ea4a49da1b3e85231cce675e2d8376) (DefaultImporter) -> (artifact id: 'f752127b64f1fb260138f40bb04475d6') in 0.0005067 seconds
Start importing Assets/ˮ�� using Guid(4a17c40076636d247adad5b64634af59) (DefaultImporter) -> (artifact id: '87e60f0b29f131bc1107b38b2be169f1') in 0.0006682 seconds
Start importing Packages/com.unity.performance.profile-analyzer using Guid(8a5de0a5bbd0dbe0a30cfb980b9e473d) (DefaultImporter) -> (artifact id: '036b3e854ed98ca68d6240c768b9b04a') in 0.0004689 seconds
Start importing Packages/com.unity.ext.nunit using Guid(aa43149513e0d0ab612ac9968c8a459c) (DefaultImporter) -> (artifact id: 'ee13436749111590db54b58b9cfcf583') in 0.0004959 seconds
Start importing Packages/com.unity.modules.hierarchycore using Guid(6b81377a4453ba7362eb3322f9bcc6c6) (DefaultImporter) -> (artifact id: 'b5ba94375de312bec58cfc03230046fb') in 0.0004725 seconds
Start importing Packages/com.unity.editorcoroutines using Guid(cb733a8644e842fff646fcf8fc006cd9) (DefaultImporter) -> (artifact id: '41c711da4508a72cf80bba0a5e581bb9') in 0.0004619 seconds
Start importing Packages/com.unity.ide.rider using Guid(0db17fbd655db21bd0e4fd62e1d08da1) (DefaultImporter) -> (artifact id: '308c5f59e2357377ce5984120b80d527') in 0.0005008 seconds
Start importing Packages/com.unity.ugui using Guid(ad20131af5cd4d857dea7ba85c025073) (DefaultImporter) -> (artifact id: '90a41e0357929045cb00addf7776421a') in 0.000484 seconds
Start importing Packages/com.unity.ide.visualstudio using Guid(0fd4e399f8f08ad7d825c8afb134f255) (DefaultImporter) -> (artifact id: '8bc406de831f8aaafde460ef926628eb') in 0.0004582 seconds
Start importing Packages/com.unity.timeline using Guid(1fb1f7bf62e7dc113b7364fdedd3badb) (DefaultImporter) -> (artifact id: 'bfcbcb924a5c98a3468e05c174f6c67f') in 0.0004659 seconds
Start importing Packages/com.unity.collab-proxy using Guid(1f677c0e207c3056f45eb23c17e92490) (DefaultImporter) -> (artifact id: 'bde5f7726ce6dd57130918f558a3a98e') in 0.0004479 seconds
Start importing Packages/com.unity.visualscripting using Guid(cf5105e57cb443fffab7c3fffdbf1c4f) (DefaultImporter) -> (artifact id: 'c8dcf7f97abe4d69f3360c4eeb33ca30') in 0.0004531 seconds
Start importing Assets/Resources/CityData using Guid(412b9e59a81c3cb46a6a63a81e618717) (DefaultImporter) -> (artifact id: '6237c2c4c6f199952093470fc8ea8303') in 0.0024853 seconds
Start importing Assets/ˮ��/5�Ͼ� using Guid(71fdcab5618b65143b9c190a5af88629) (DefaultImporter) -> (artifact id: 'e5cf2777920bd618e82abb9879daacb3') in 0.0007525 seconds
Start importing Assets/ˮ��/2���� using Guid(d48fc9c84e9c65649b75052dbc687728) (DefaultImporter) -> (artifact id: 'c9a1b4a6e4995c019be9529e753c7618') in 0.0006805 seconds
Start importing Packages/com.unity.test-framework/UnityEngine.TestRunner using Guid(950890083f4907541a6ed06d70959e49) (DefaultImporter) -> (artifact id: 'b2380b0eb08023ce063c7b7396ba8e5e') in 0.0007495 seconds
Start importing Packages/com.unity.test-framework/UnityEditor.TestRunner using Guid(95cdf27b47eb82747ba9e51f41e72a35) (DefaultImporter) -> (artifact id: '77f76be7513a4e9a3b3e2eeeb0b13cad') in 0.0007027 seconds
Start importing Packages/com.unity.test-framework/Tests using Guid(b70e28337c9001e4390442151ea5542c) (DefaultImporter) -> (artifact id: '88dd20ad2c23d64332e901fda31c7692') in 0.0008364 seconds
Start importing Assets/ˮ��/1���� using Guid(08265a2b79c06664c904183a2fd5a170) (DefaultImporter) -> (artifact id: 'aab76dd53fe8951f3ff36ab314d51df8') in 0.0009796 seconds
Start importing Assets/ˮ��/4���� using Guid(688293275c60c2e4497f164ec64ea530) (DefaultImporter) -> (artifact id: '2d880043aa9f2b19efd23b39f7169d80') in 0.0006629 seconds
Start importing Assets/Resources/Fonts using Guid(b9bfff5de4d0c844387bb1079e682990) (DefaultImporter) -> (artifact id: '216b9c31ea4d0df69ac97b9a48eaf69c') in 0.0028899 seconds
Start importing Assets/Scripts/Unified using Guid(0a5f8dab8f5c32646a9ee7a344fc2a0f) (DefaultImporter) -> (artifact id: '357d45787d3177e9b6a182b821749ac6') in 0.002852 seconds
Start importing Packages/com.unity.editorcoroutines/Editor using Guid(4baf9d3a89175c143b9d1bb3e62526e7) (DefaultImporter) -> (artifact id: 'edae277bc950bca8bd0493d34e6c39da') in 0.0007712 seconds
Start importing Assets/ˮ��/3���� using Guid(fd5a181138e96cd4d8724ab62c6fe512) (DefaultImporter) -> (artifact id: '31f899b67a5377caccf4dc42ae316576') in 0.0006668 seconds
Start importing Packages/com.unity.ext.nunit/net40 using Guid(af19581c6078849139e0671f575e4b7c) (DefaultImporter) -> (artifact id: '7cfa80f12945c74956f086b3610c7a51') in 0.0006931 seconds
Start importing Packages/com.unity.ugui/Editor/TMP using Guid(10d1425d9e87841d9a9deafe9e93a6f2) (DefaultImporter) -> (artifact id: 'b78a297ad64c4d78728ae683af3e5658') in 0.000727 seconds
Start importing Packages/com.unity.ext.nunit/net40/unity-custom using Guid(c0673f99c7a5d42e081a6f88c5a37862) (DefaultImporter) -> (artifact id: 'f4fcd55258eeff1a5f459a9ca176b6e0') in 0.0006458 seconds
Start importing Packages/com.unity.ugui/Runtime/TMP using Guid(619aadd8f276341ca84d7ad5a9c6db21) (DefaultImporter) -> (artifact id: '5308cedcd74d43682790fc7238a9d1e2') in 0.000774 seconds
Start importing Packages/com.unity.testtools.codecoverage/Editor/Analytics using Guid(a24bc5a5ca3214d3fa746e0c362dd6fe) (DefaultImporter) -> (artifact id: '5cb4908665e1ac4c6034be461a647be1') in 0.0007268 seconds
Start importing Packages/com.unity.test-framework/UnityEditor.TestRunner/UnityTestProtocol using Guid(936c6340f3468444ebb1785b4c311126) (DefaultImporter) -> (artifact id: '483d26fa6f42e15acd6790bf9c72ba8c') in 0.0007557 seconds
Start importing Packages/com.unity.test-framework/UnityEditor.TestRunner/CommandLineTest using Guid(b477d1f29b65a674e9d5cdab4eb72b01) (DefaultImporter) -> (artifact id: 'd7abe359a1b05afd93dcd5b5d76cf33e') in 0.000822 seconds
Start importing Packages/com.unity.test-framework/UnityEditor.TestRunner/TestSettings using Guid(95b719082a664ea45bb56759eed1f271) (DefaultImporter) -> (artifact id: '4d0b04fada6b6a6a34a84bcd27e10c97') in 0.0009822 seconds
Start importing Packages/com.unity.ugui/Editor/Analytics using Guid(c52726d811a9f66459355df6b0c3977b) (DefaultImporter) -> (artifact id: '4154f772d9b7cf6fccdb594f4e326893') in 0.0007205 seconds
Start importing Packages/com.unity.test-framework/UnityEditor.TestRunner/CommandLineParser using Guid(7602252bdb82b8d45ae3483c3a00d3e1) (DefaultImporter) -> (artifact id: '7f4042be8b266d41f83337d8fd3e2897') in 0.0008232 seconds
Start importing Packages/com.unity.test-framework/UnityEditor.TestRunner/TestLaunchers using Guid(d64d92e4f04a13e4b99ea8d48e9e8ae9) (DefaultImporter) -> (artifact id: '3292843884b5f7b4874453a902cfa1e0') in 0.0011448 seconds
Start importing Packages/com.unity.ugui/Editor/UGUI using Guid(278b6073a5bdd4362acd72ca43ff9e0d) (DefaultImporter) -> (artifact id: 'abf9fbf9f7c10d2af702b2e8085d3ed6') in 0.0006881 seconds
Start importing Packages/com.unity.test-framework/UnityEditor.TestRunner/TestRun using Guid(8721cb2237d4a564a94a51f56243bdac) (DefaultImporter) -> (artifact id: '878b6064979e1990108a77cb392d64d1') in 0.0006854 seconds
Start importing Packages/com.unity.ugui/Runtime/UGUI using Guid(1817d28a5343b4ec19b4ec7903730e2c) (DefaultImporter) -> (artifact id: 'd27c003f26a5bcc4ae0be188e216ff3a') in 0.0007756 seconds
Start importing Packages/com.unity.test-framework/UnityEngine.TestRunner/UnityTestProtocol using Guid(19e1940646874613a076c6b01d1f3404) (DefaultImporter) -> (artifact id: 'e62a4d5776733de3dd284c7bda3e08bd') in 0.0007239 seconds
Start importing Packages/com.unity.test-framework/UnityEditor.TestRunner/TestRunner using Guid(49d4c2ab7ff0f4442af256bad7c9d57c) (DefaultImporter) -> (artifact id: '2c2a8c762103d2c2092be30ecefdc9a7') in 0.0006747 seconds
Start importing Packages/com.unity.test-framework/UnityEngine.TestRunner/Assertions using Guid(1ad55f5ad04d1d045a1f287409c650dd) (DefaultImporter) -> (artifact id: '6bdaa59d84691a380c3ba7c1d8bfa849') in 0.0009023 seconds
Start importing Packages/com.unity.ugui/Runtime/InternalBridge using Guid(bab3a29ab4f214742a44add41efffb7d) (DefaultImporter) -> (artifact id: 'b8ae5a4142d7b3ff7433a144e13442a5') in 0.0006696 seconds
Start importing Packages/com.unity.test-framework/Tests/TestNewCustomAssembly using Guid(ca0e5e7973267894ca8e1dceb2210ee5) (DefaultImporter) -> (artifact id: 'ec9729808b7dd6604b68694c1a94e68b') in 0.0008769 seconds
Start importing Packages/com.unity.test-framework/UnityEditor.TestRunner/Api using Guid(fa423365b1ce06a4dbdc6fb4a8597bfa) (DefaultImporter) -> (artifact id: '4f9583793d5edc94661340236f21f4e3') in 0.0007862 seconds
Start importing Packages/com.unity.test-framework/UnityEngine.TestRunner/Utils using Guid(bb32bccaf32a6db448d1c0cc99c78688) (DefaultImporter) -> (artifact id: 'b9ac2eaa7c139997734a4cfd1edbf73e') in 0.0009733 seconds
Start importing Packages/com.unity.test-framework/UnityEngine.TestRunner/TestRunner using Guid(1ddb9e1c877ea80479d1eab4ddaa5d0d) (DefaultImporter) -> (artifact id: '6a7e2bf038898dc9a9d8427c931ca44c') in 0.0007616 seconds
Start importing Packages/com.unity.test-framework/UnityEngine.TestRunner/NUnitExtensions using Guid(3e8d6af343b383544ba5743d119f4062) (DefaultImporter) -> (artifact id: '3f6e2ec14976a9de8c44a24fd5a1df3a') in 0.0006661 seconds
Start importing Packages/com.unity.test-framework/UnityEditor.TestRunner/GUI using Guid(7e609b27ad2caa14c83dd9951b6c13c6) (DefaultImporter) -> (artifact id: '112f12c0c6681ccaea11688622ebb526') in 0.0008288 seconds
Start importing Packages/com.unity.test-framework/UnityEditor.TestRunner/NUnitExtension using Guid(3f9202a39620f51418046c7754f215f0) (DefaultImporter) -> (artifact id: 'ab112e9ad4c0d836ad3545dea28bc266') in 0.0007472 seconds
Start importing Packages/com.unity.test-framework/UnityEngine.TestRunner/Utils/AssemblyProvider using Guid(51557afa652635743b264a309f0a5c60) (DefaultImporter) -> (artifact id: '8a639915519a692529fdf384c74138af') in 0.0008291 seconds
Start importing Packages/com.unity.test-framework/UnityEngine.TestRunner/TestRunner/Callbacks using Guid(61e236e8570a95e4eb754fb291e102e0) (DefaultImporter) -> (artifact id: 'd55b575d8e5d473cc2e43dbbdeaeff7c') in 0.0008496 seconds
Start importing Packages/com.unity.test-framework/UnityEngine.TestRunner/TestRunner/RemoteHelpers using Guid(91c20d2c22b8b3a4cb6c816bd225591a) (DefaultImporter) -> (artifact id: '30fb2d9dd2eecdb696675b50955e4ebc') in 0.0009647 seconds
Start importing Packages/com.unity.ugui/Tests/Runtime/TMP using Guid(914613548ded44a43a59eb9852503f18) (DefaultImporter) -> (artifact id: '477b4938addb883f7857c7245a542f61') in 0.0008149 seconds
Start importing Packages/com.unity.test-framework/UnityEngine.TestRunner/Assertions/LogScope using Guid(b1d8465ba1376b148bdab58965101f47) (DefaultImporter) -> (artifact id: 'aac2509859303379c698e7a61b119125') in 0.0007359 seconds
Start importing Packages/com.unity.test-framework/UnityEditor.TestRunner/GUI/TestAssets using Guid(92e3104769da143888a712cdea27d950) (DefaultImporter) -> (artifact id: '1c339984e4f7b537284cfc59f8240800') in 0.000816 seconds
Start importing Packages/com.unity.ugui/Tests/Runtime/UGUI using Guid(53caebc5909234b4ebe1fcaf3dc913a5) (DefaultImporter) -> (artifact id: '6cea7121aaed435492ec2cc2e4bf06a4') in 0.0006453 seconds
Start importing Packages/com.unity.test-framework/UnityEditor.TestRunner/TestLaunchers/Helpers using Guid(a3cb89150b8a4060b89a32725a8e267e) (DefaultImporter) -> (artifact id: '1c6550e824ea391f5fd50f57247dd2be') in 0.0009987 seconds
Start importing Packages/com.unity.test-framework/UnityEngine.TestRunner/NUnitExtensions/Filters using Guid(c3de99f9efc582a48995bc8e8c2df418) (DefaultImporter) -> (artifact id: '6a3e6215aa297c9a4e3c7159efb1015c') in 0.0007065 seconds
Start importing Packages/com.unity.test-framework/UnityEngine.TestRunner/TestRunner/Messages using Guid(256a0ca37fa972840bce7fca446e75e7) (DefaultImporter) -> (artifact id: '49c9fa09840fad3e17b412376a8dcf2a') in 0.0008352 seconds
Start importing Packages/com.unity.test-framework/UnityEditor.TestRunner/GUI/Views using Guid(c5535d742ea2e4941850b421f9c70a1f) (DefaultImporter) -> (artifact id: 'd8974548c2c7ab5d5ad7599c432a1bc7') in 0.000806 seconds
Start importing Packages/com.unity.test-framework/UnityEditor.TestRunner/UnityTestProtocol/Data using Guid(3610673068254436ac90019f46e09f01) (DefaultImporter) -> (artifact id: 'edf71b33f3965ea27aa0f561aefe6dce') in 0.0006932 seconds
Start importing Packages/com.unity.test-framework/UnityEditor.TestRunner/NUnitExtension/Attributes using Guid(96c503bf059df984c86eecf572370347) (DefaultImporter) -> (artifact id: '2e346665254194df03f2d47ad0a2e81b') in 0.0006771 seconds
Start importing Packages/com.unity.test-framework/UnityEditor.TestRunner/GUI/TestListBuilder using Guid(07ea0326ed848fb4489187cb58f96113) (DefaultImporter) -> (artifact id: 'c9ef4e1b8c0b54cbe4a5a11c696e4b78') in 0.0006488 seconds
Start importing Packages/com.unity.test-framework/UnityEngine.TestRunner/NUnitExtensions/Runner using Guid(37888acc09d9ee848bf9559f06645c45) (DefaultImporter) -> (artifact id: 'ee1e527b3560111b8f9aa3c43ad7e9a9') in 0.0006828 seconds
Start importing Packages/com.unity.ugui/Editor/Analytics/IAnalytic using Guid(77417b0f4cf6d334f916c64448d24133) (DefaultImporter) -> (artifact id: 'a22d0db8c8eb6d464d1b5bd50a6655ab') in 0.0006433 seconds
Start importing Packages/com.unity.test-framework/UnityEditor.TestRunner/GUI/TestListTreeView using Guid(68cb547af0187634aad591a09c01cd5b) (DefaultImporter) -> (artifact id: 'bcc7fabbc19415c35b0572cf2f2337a5') in 0.0006678 seconds
Start importing Packages/com.unity.test-framework/UnityEditor.TestRunner/GUI/Controls using Guid(e88eef57957d4440c8a7ff2ef9dd3d97) (DefaultImporter) -> (artifact id: 'c4f64d42392877fbc9299e30e3929089') in 0.0006348 seconds
Start importing Packages/com.unity.test-framework/UnityEditor.TestRunner/TestRun/Data using Guid(4926c06156894939ba0a2680f1b0aa7a) (DefaultImporter) -> (artifact id: 'e85e5880a8fb926656c64ebb007116bd') in 0.0006726 seconds
Start importing Packages/com.unity.test-framework/UnityEditor.TestRunner/Api/Analytics using Guid(891bb6b9f5094c36b59c3788e21c8213) (DefaultImporter) -> (artifact id: '7afc1f32db95c3782cc44b8be1b1fdd2') in 0.0006862 seconds
Start importing Packages/com.unity.test-framework/UnityEditor.TestRunner/TestRunner/Messages using Guid(d9682e749d3efc642af54d789d9090a6) (DefaultImporter) -> (artifact id: '34a2da094325aea95250bbc91b3bacfc') in 0.0006402 seconds
Start importing Packages/com.unity.ugui/Editor/TMP/PropertyDrawers using Guid(ea7c31b5b377c314db28ad3fabbbd38d) (DefaultImporter) -> (artifact id: 'ebc92ba84e6406c25f912a00cf612866') in 0.0007351 seconds
Start importing Packages/com.unity.ugui/Tests/Editor/UGUI using Guid(fae3ac1997e164d1eba5fa5c417cbefd) (DefaultImporter) -> (artifact id: 'a65f00dcb82f453aab04a0f34c97e4e8') in 0.0006523 seconds
Start importing Packages/com.unity.test-framework/UnityEngine.TestRunner/NUnitExtensions/Commands using Guid(6b72875690e0f7343911e06af3145bd5) (DefaultImporter) -> (artifact id: 'f36e7cf57d57bd868768c4d06537389c') in 0.0006643 seconds
Start importing Packages/com.unity.test-framework/UnityEditor.TestRunner/TestLaunchers/PlatformSetup using Guid(ebc4d20cc106cea49b1df1153f0b3b5e) (DefaultImporter) -> (artifact id: 'b557b5aa3ee3c1d394dd361be2918e20') in 0.0008245 seconds
Start importing Packages/com.unity.test-framework/UnityEngine.TestRunner/NUnitExtensions/Attributes using Guid(0cb14878543cf3d4f8472b15f7ecf0e3) (DefaultImporter) -> (artifact id: '75903ed02331572f0967609c7b7f1e1c') in 0.0008828 seconds
Start importing Packages/com.unity.ugui/Tests/Editor/TMP using Guid(3ddaad49a7bcb4087b403f2225d54840) (DefaultImporter) -> (artifact id: 'dc3536d35fb2a75d225a6a19a3e6094d') in 0.0007477 seconds
Start importing Packages/com.unity.test-framework/UnityEditor.TestRunner/TestRunner/Callbacks using Guid(5d7f0d6acfced954682a89e7002c04d9) (DefaultImporter) -> (artifact id: '0dec5c1fe4d62597a6f06205aa5984cd') in 0.0007894 seconds
Start importing Packages/com.unity.test-framework/UnityEditor.TestRunner/TestRun/Tasks using Guid(6dba53789da15814387fa5b1445e81e0) (DefaultImporter) -> (artifact id: '72f33cfefcd167ac88b3efeb6da24af6') in 0.0010899 seconds
Start importing Packages/com.unity.test-framework/UnityEditor.TestRunner/UnityTestProtocol/Messages using Guid(9ea154c33fd8466f973f004e5c962df7) (DefaultImporter) -> (artifact id: 'd8ce3e034bebd7e36b2b6ecc121483da') in 0.0007219 seconds
Start importing Packages/com.unity.test-framework/UnityEngine.TestRunner/Utils/MonoBehaviourTest using Guid(ce8da628f68c7594b8b9a597fa52db7b) (DefaultImporter) -> (artifact id: '2d38e1309f0ea79159d19d1fe0eb6c3d') in 0.000816 seconds
Start importing Packages/com.unity.ugui/Editor/TMP/HDRP using Guid(eecc124dc0b994047aac97ccf8c8ed0a) (DefaultImporter) -> (artifact id: '5b5397f7d63b0f449a7a5706eccb0297') in 0.0007586 seconds
Start importing Packages/com.unity.test-framework/UnityEditor.TestRunner/TestRunner/Utils using Guid(1f5bbb88ca730434483440cbc0278ef6) (DefaultImporter) -> (artifact id: 'd5d79cd3d4288070e6bddcbfc9c58d29') in 0.0008559 seconds
Start importing Packages/com.unity.test-framework/UnityEditor.TestRunner/TestRun/Tasks/Player using Guid(94a6220ee1a442249702c9df66e0fe1b) (DefaultImporter) -> (artifact id: 'f827ae25f95ca0b2387aab13d0de9e87') in 0.0006948 seconds
Start importing Packages/com.unity.ugui/Tests/Runtime/UGUI/CanvasRenderer using Guid(a69b08936f9f74179ae333a4bebe7c54) (DefaultImporter) -> (artifact id: '7671a1463691e0f5dc1af47c30eb63be') in 0.0007867 seconds
Start importing Packages/com.unity.test-framework/UnityEditor.TestRunner/TestRun/Tasks/Scene using Guid(692476ac695e7b74a8d9eabd48862009) (DefaultImporter) -> (artifact id: 'c93fad50921024025a405a0a862090ff') in 0.0006415 seconds
Start importing Packages/com.unity.test-framework/UnityEditor.TestRunner/TestRun/Tasks/Platform using Guid(d973b7805df545bdae3986ab72a6c2e8) (DefaultImporter) -> (artifact id: '20a6de28fd8aedef407457a6ca2d05cd') in 0.0008156 seconds
Start importing Packages/com.unity.test-framework/UnityEditor.TestRunner/TestRun/Tasks/Events using Guid(cca5935142d6c754f9ecdce1294f7079) (DefaultImporter) -> (artifact id: '1f81049cc8c4f238fec5f2b1ea887709') in 0.0006579 seconds
Start importing Packages/com.unity.test-framework/Tests/TestNewCustomAssembly/TestNewCustomAssembly.asmdef using Guid(005d90528beb64e71b011a6207806ed5) (AssemblyDefinitionImporter) -> (artifact id: 'fdab9d5d4dfc6a2d471dd347f8a4173e') in 0.0041109 seconds
Start importing Packages/com.unity.ugui/Runtime/TMP/Unity.TextMeshPro.asmdef using Guid(6055be8ebefd69e48b49212b09b47b2f) (AssemblyDefinitionImporter) -> (artifact id: '755faf4d872606cabacec4dfdc775f71') in 0.0033532 seconds
Start importing Packages/com.unity.performance.profile-analyzer/Editor/Unity.Performance.Profile-Analyzer.Editor.asmdef using Guid(211d499e772b640dbb43b9de9b957156) (AssemblyDefinitionImporter) -> (artifact id: 'ab584a6aad039cad62860785a4ac18b1') in 0.0030285 seconds
Start importing Packages/com.unity.ugui/Runtime/InternalBridge/Unity.InternalAPIEngineBridge.004.asmdef using Guid(43b111c4a445f446abd2c02e77750ff5) (AssemblyDefinitionImporter) -> (artifact id: '7768f0299b485d6ebc39eb408ad5c375') in 0.0034091 seconds
Start importing Packages/com.unity.ugui/Editor/Analytics/UnityEditor.UI.Analytics.asmdef using Guid(8394c018a82352f41ae354f7bdad54e3) (AssemblyDefinitionImporter) -> (artifact id: '51a42a6dc598d685998182f7c5c967c4') in 0.0032054 seconds
Start importing Packages/com.unity.testtools.codecoverage/Editor/Compatibility/Compatibility.asmdef using Guid(5518f4bf96c8e9849ab65cbaaf1191e1) (AssemblyDefinitionImporter) -> (artifact id: 'c6bea583869cfcce2aeb09c879e73436') in 0.0033714 seconds
Start importing Packages/com.unity.ugui/Editor/TMP/Unity.TextMeshPro.Editor.asmdef using Guid(6546d7765b4165b40850b3667f981c26) (AssemblyDefinitionImporter) -> (artifact id: '9560f464d4c68b2cd231f1d640031561') in 0.0031379 seconds
Start importing Packages/com.unity.test-framework/UnityEngine.TestRunner/UnityEngine.TestRunner.asmdef using Guid(27619889b8ba8c24980f49ee34dbb44a) (AssemblyDefinitionImporter) -> (artifact id: '4e99211f6fa79279dcc82bfb5cb90702') in 0.0029472 seconds
Start importing Packages/com.unity.testtools.codecoverage/Editor/CodeCoverage.Editor.asmdef using Guid(37180d43aa4b85c4b9076e2ef48a3b2a) (AssemblyDefinitionImporter) -> (artifact id: '48f7742ad2fb3eb26c2b9faf99210acd') in 0.0032537 seconds
Start importing Packages/com.unity.editorcoroutines/Editor/Unity.EditorCoroutines.Editor.asmdef using Guid(478a2357cc57436488a56e564b08d223) (AssemblyDefinitionImporter) -> (artifact id: '83f7016b4e01821ae3c5aa00151b346f') in 0.0029914 seconds
Start importing Packages/com.unity.performance.profile-analyzer/Tests/Editor/Unity.Performance.Profile-Analyzer.EditorTests.asmdef using Guid(97505fd80b553409c995f274ad2a533b) (AssemblyDefinitionImporter) -> (artifact id: 'f37b5abe0aab4a86e964f744f82d0f5b') in 0.003296 seconds
Start importing Packages/com.unity.testtools.codecoverage/Editor/CoverageFormats/OpenCover/Model/Model.asmdef using Guid(19c3df1967929405fba735480b3da9a7) (AssemblyDefinitionImporter) -> (artifact id: 'c0ed716e4c94d928ae723255b82ad2a0') in 0.0034809 seconds
Start importing Packages/com.unity.test-framework/UnityEditor.TestRunner/UnityEditor.TestRunner.asmdef using Guid(0acc523941302664db1f4e527237feb3) (AssemblyDefinitionImporter) -> (artifact id: 'a37885b78cc3bc346b8ba1ba7dd76b0c') in 0.0032326 seconds
Start importing Packages/com.unity.ugui/Runtime/UGUI/UnityEngine.UI.asmdef using Guid(2bafac87e7f4b9b418d9448d219b01ab) (AssemblyDefinitionImporter) -> (artifact id: '535f7aafa4dd215a60024f56978e8d8a') in 0.0033137 seconds
Start importing Packages/com.unity.testtools.codecoverage/Editor/CoverageFormats/OpenCover/Mono.Reflection/Reflection.asmdef using Guid(eecdf9bdfcb2949619db458f3e24c5e2) (AssemblyDefinitionImporter) -> (artifact id: '2d290ac140c464f02a0730a5e2227f59') in 0.0034328 seconds
Start importing Packages/com.unity.modules.hierarchycore/package.ModuleCompilationTrigger using Guid(d104359075a97392b803d3d5aebc77f7) (DefaultImporter) -> (artifact id: '5f087c93c58d9b1c35f89c539ed3a98d') in 0.0276548 seconds
Refreshing native plugins compatible for Editor in 3.97 ms, found 4 plugins.
Native extension for Android target not found
Native extension for WindowsStandalone target not found
Native extension for WebGL target not found
ScheduleIndexationOnStartup MainProcess:True IndexOnStartup:True
[Licensing::Client] Successfully resolved entitlement details
Mono: successfully reloaded assembly
- Finished resetting the current domain, in  1.000 seconds
Domain Reload Profiling: 1928ms
	BeginReloadAssembly (367ms)
		ExecutionOrderSort (0ms)
		DisableScriptedObjects (31ms)
		BackupInstance (0ms)
		ReleaseScriptingObjects (0ms)
		CreateAndSetChildDomain (147ms)
	RebuildCommonClasses (28ms)
	RebuildNativeTypeToScriptingClass (8ms)
	initialDomainReloadingComplete (38ms)
	LoadAllAssembliesAndSetupDomain (485ms)
		LoadAssemblies (456ms)
		RebuildTransferFunctionScriptingTraits (0ms)
		AnalyzeDomain (164ms)
			TypeCache.Refresh (126ms)
				TypeCache.ScanAssembly (116ms)
			BuildScriptInfoCaches (30ms)
			ResolveRequiredComponents (3ms)
	FinalizeReload (1001ms)
		ReleaseScriptCaches (0ms)
		RebuildScriptCaches (0ms)
		SetupLoadedEditorAssemblies (898ms)
			LogAssemblyErrors (0ms)
			InitializePlatformSupportModulesInManaged (34ms)
			SetLoadedEditorAssemblies (3ms)
			BeforeProcessingInitializeOnLoad (135ms)
			ProcessInitializeOnLoadAttributes (673ms)
			ProcessInitializeOnLoadMethodAttributes (29ms)
			AfterProcessingInitializeOnLoad (23ms)
			EditorAssembliesLoaded (0ms)
		ExecutionOrderSort2 (0ms)
		AwakeInstancesAfterBackupRestoration (29ms)
Start importing Assets/Scenes/2.unity using Guid(d22b852b60965ba4598b2f9d3934ddb9) (DefaultImporter) -> (artifact id: '5c1c4213b66261da98a4323d76691896') in 0.0010419 seconds
Start importing Assets/Scenes/Start.unity using Guid(b5629c808ca0e4f4382a29dc4291f57d) (DefaultImporter) -> (artifact id: '9ab2dbd16ac9deda2949aca4fb8258ef') in 0.0008962 seconds
Start importing Assets/Scenes/5.unity using Guid(ca96e2b7a5f810241a10f4484f225cf3) (DefaultImporter) -> (artifact id: '225fabef30a9199b72d06581b855b984') in 0.0007021 seconds
Start importing Assets/Scenes/4.unity using Guid(ac41f4becfd81db47882a15aa08ce965) (DefaultImporter) -> (artifact id: '98b15e60d58a2f9033e038f42180b8f4') in 0.000804 seconds
Start importing Assets/Scenes/3.unity using Guid(fc482a347263d304a9c8126a8113e150) (DefaultImporter) -> (artifact id: 'aa6b0d572cd83fdc0e3cbfd2d3dff11c') in 0.0007189 seconds
Start importing Assets/Scenes/1.unity using Guid(9fc0d4010bbf28b4594072e72b8655ab) (DefaultImporter) -> (artifact id: 'ed29ca264e4bed213fa917d687ded1f6') in 0.0009257 seconds
Start importing Packages/com.unity.ugui/Package Resources/TMP Examples & Extras.unitypackage using Guid(bc00e25696e4132499f56528d3fed2e3) (DefaultImporter) -> (artifact id: '36912524d77e494bff28eadb6545a86b') in 0.0053028 seconds
Start importing Packages/com.unity.ugui/Package Resources/TMP Essential Resources.unitypackage using Guid(ce4ff17ca867d2b48b5c8a4181611901) (DefaultImporter) -> (artifact id: 'c9b9d0e8e0d8a5df2fad0e13885ca7c4') in 0.0009125 seconds
Start importing Packages/com.unity.ide.visualstudio/Editor/COMIntegration/Release/COMIntegration.exe using Guid(cb67edc1800c2ec4ba8dfb1cf0dfc84a) (DefaultImporter) -> (artifact id: '4d43ca90ae99a9cb9708bd00978bdba6') in 0.0116467 seconds
Start importing Packages/com.unity.collab-proxy/Editor/Assets/Images/step2@2x.png using Guid(0029170d14ce6c04c9f45c22cdae5559) (TextureImporter) -> (artifact id: '14a265a6d663df2b0fcebef6367bbdbb') in 0.0081978 seconds
Start importing Packages/com.unity.collab-proxy/Editor/Assets/Images/d_iconlockedremoteoverlay.png using Guid(1046ed65e6aaffb4391378f6d08d6c14) (TextureImporter) -> (artifact id: '70a17c17e3c2c0106f65637c16abbd02') in 0.0032795 seconds
Start importing Packages/com.unity.collab-proxy/Editor/Assets/Images/d_iconlockretained@2x.png using Guid(20647d71003f8e34685b1972b30dbd2b) (TextureImporter) -> (artifact id: '94ae84a84df93ff055cecefda14cc74d') in 0.0042079 seconds
Start importing Packages/com.unity.collab-proxy/Editor/Assets/Images/iconprivateoverlay@2x.png using Guid(20894f77802694ca2b9afb02a7388138) (TextureImporter) -> (artifact id: '715cefcfd9ad961de2bea0e4f188575f') in 0.0038759 seconds
Start importing Packages/com.unity.collab-proxy/Editor/Assets/Images/d_iconinviteusers.png using Guid(3094096a150921c409ef35579f2ada0f) (TextureImporter) -> (artifact id: 'e56ea396d7b6399f76dbf7643b391f44') in 0.0035939 seconds
Start importing Packages/com.unity.collab-proxy/Editor/Assets/Images/d_buttonssosigninemail.png using Guid(3086d66a563317b40a20a20da2c64ac0) (TextureImporter) -> (artifact id: '6bbe1c4711cfac882dafde5e815cbba4') in 0.0035726 seconds
Start importing Packages/com.unity.collab-proxy/Editor/Assets/Images/iconconflictresolvedoverlay@2x.png using Guid(309b1d5a294fd6c43ae9cf77656c1852) (TextureImporter) -> (artifact id: '774ce0ed66830010b10fed2070eff56b') in 0.0033688 seconds
Start importing Packages/com.unity.collab-proxy/Editor/Assets/Images/iconinviteusers.png using Guid(40e23f4f2fddc724db517c63f4d8990d) (TextureImporter) -> (artifact id: '03c44874f04526a9ead3cdaeb48acbf6') in 0.0033551 seconds
Start importing Packages/com.unity.timeline/Editor/StyleSheets/Images/Icons/d_TimelineCollapseMarkerButtonDisabled.png using Guid(40947ddc2dd4f0d499a92d0f3675c4e8) (TextureImporter) -> (artifact id: '0d1588dbfefca4e41a65ef218d07238e') in 0.0037108 seconds
Start importing Packages/com.unity.timeline/Editor/StyleSheets/Images/DarkSkin/TimelineStartPlayback.png using Guid(5060c9f9eb2f7ee4695b638a21d8fe01) (TextureImporter) -> (artifact id: 'efb13b973ce04c4cfb41a6cd55de7b47') in 0.0038199 seconds
Start importing Packages/com.unity.collab-proxy/Editor/Assets/Images/d_iconhistory@2x.png using Guid(50d1ea51731fa43db9ce0ec4fe5f0b07) (TextureImporter) -> (artifact id: '7e72b53411da94129c143ed1556d5848') in 0.0035984 seconds
Start importing Packages/com.unity.collab-proxy/Editor/Assets/Images/iconconflictedoverlay.png using Guid(503a763cc33a6854c86d736c5dd2515c) (TextureImporter) -> (artifact id: '07079dcd559ddf04e8d67ec15256837a') in 0.0032995 seconds
Start importing Packages/com.unity.timeline/Editor/StyleSheets/Images/Icons/TrackRecordButtonDisabled@2x.png using Guid(6091f9516d23100479c03bca26138bc8) (TextureImporter) -> (artifact id: '06248e18acaa4dce6a8f106a381f28ed') in 0.0040614 seconds
Start importing Packages/com.unity.collab-proxy/Editor/Assets/Images/d_refresh@2x.png using Guid(602b72d4617c3694aa94419fc1b68e04) (TextureImporter) -> (artifact id: '63ba980979a093d66097175dd8a69dc2') in 0.003754 seconds
Start importing Packages/com.unity.timeline/Editor/StyleSheets/Images/LightSkin/TimelinePlayRange.png using Guid(70e3f118652b9094885689730ad3a47b) (TextureImporter) -> (artifact id: '0a991dc2b284bf1d1f92de56f9e0096e') in 0.0034937 seconds
Start importing Packages/com.unity.collab-proxy/Editor/Assets/Images/icondeletedremote@2x.png using Guid(70e3ce8ad01f39248a3ea97a35bcf238) (TextureImporter) -> (artifact id: '0a95e9dd45999ba8433e0bccd0ac9c9f') in 0.0036057 seconds
Start importing Packages/com.unity.visualscripting/Editor/VisualScripting.Core/IconMap/AnimatorMessageListener@32x.png using Guid(9059e055aa673b3469a5c2896c0b8fb5) (TextureImporter) -> (artifact id: '8f3a69ef7ddf89db9002ca1a983b5cc2') in 0.003399 seconds
Start importing Packages/com.unity.collab-proxy/Editor/Assets/Images/iconretainedoverlay@2x.png using Guid(a01087ce1455c7e4c8f2410c26afcfd2) (TextureImporter) -> (artifact id: '0838adf8baaa548a0a8041059c3d9671') in 0.0036918 seconds
Start importing Packages/com.unity.timeline/Editor/StyleSheets/Images/Shared/TimelineConnector.png using Guid(a04f1625bf500f64e97445265dfbcc93) (TextureImporter) -> (artifact id: '876601515ce2585e6a97da8e510e31c1') in 0.0033416 seconds
Start importing Packages/com.unity.timeline/Editor/StyleSheets/Images/LightSkin/TimelineHold.png using Guid(a09fd8b5d9396c24a96a6de50cddc3b9) (TextureImporter) -> (artifact id: '9b50ff9a64cbf0b7602f72573b8b5d08') in 0.0034175 seconds
Start importing Packages/com.unity.collab-proxy/Editor/Assets/Images/d_iconedit.png using Guid(b0e7ed213bccf484e89c4261a7e16f66) (TextureImporter) -> (artifact id: '9e7242aaebfd2d405c9ac1e87543d925') in 0.0044 seconds
Start importing Packages/com.unity.ugui/Editor Resources/Textures/btn_AlignRight_Light.psd using Guid(e05ace3bd15740cda0bad60d89092a5b) (TextureImporter) -> (artifact id: 'cb6b39b026230aad55a7aa1cec9ef187') in 0.0038731 seconds
Start importing Packages/com.unity.collab-proxy/Editor/Assets/Images/d_iconplasticnotifypendingchanges@2x.png using Guid(f0c047e73e3b41341822a9e31da81877) (TextureImporter) -> (artifact id: '831f3006cb0f704b92e01335e305a03c') in 0.0036111 seconds
Start importing Packages/com.unity.timeline/Editor/StyleSheets/Images/Icons/TrackCurvesButtonDisabled.png using Guid(f0f8ff8921b22a74a8c79d955ace248d) (TextureImporter) -> (artifact id: '82807b4e4fffde35d11b65db79a5e071') in 0.0031402 seconds
Start importing Packages/com.unity.visualscripting/Editor/VisualScripting.Core/IconMap/State@32x.png using Guid(f02ed452c3e0d1e448429a89e1773fd7) (TextureImporter) -> (artifact id: '18b5dc68f156dca029133e6342d258d2') in 0.0038164 seconds
Start importing Packages/com.unity.collab-proxy/Editor/Assets/Images/buttonssosigningoogle.png using Guid(f09eae8c0ea04254b90c5386a034a225) (TextureImporter) -> (artifact id: '43db684913d18e4ac2688eed9c9f44bd') in 0.0033857 seconds
Start importing Packages/com.unity.collab-proxy/Editor/Assets/Images/d_iconpendingchangesview.png using Guid(11d4f7dd8fc834c8e92cab84d5137828) (TextureImporter) -> (artifact id: '984cedc7a86c2023ca3430c0aa1cd28b') in 0.003903 seconds
Start importing Packages/com.unity.collab-proxy/Editor/Assets/Images/d_iconplasticview@2x.png using Guid(3168140d6f409d0448447f18568d9482) (TextureImporter) -> (artifact id: 'b07207699924ddc2134ddf062a8741ce') in 0.0041612 seconds
Start importing Packages/com.unity.timeline/Editor/StyleSheets/Images/LightSkin/TimelineIconClipIn.png using Guid(4171b549947246b4f9579419d5698a7e) (TextureImporter) -> (artifact id: '75cda120d1a3fe55a37e401b519d9a75') in 0.0042866 seconds
Start importing Packages/com.unity.ugui/Editor Resources/Textures/btn_AlignMiddle.psd using Guid(41b96614b2e6494ba995ddcd252d11ae) (TextureImporter) -> (artifact id: 'd11c407b3f0ee68e661c91d9598fc798') in 0.0041608 seconds
Start importing Packages/com.unity.timeline/Editor/StyleSheets/Images/Icons/d_TimelineEditModeRippleOFF.png using Guid(411e6f19c19fa0546af83aeb59c2ed4b) (TextureImporter) -> (artifact id: '5ba154d8e588550ae1749baa35135ec7') in 0.0036538 seconds
Start importing Packages/com.unity.timeline/Editor/StyleSheets/Images/DarkSkin/TimelineDisabledBackground.png using Guid(412f73153f3a3c549b67b2a847741145) (TextureImporter) -> (artifact id: '26388293d623c60e9ce1319806beb184') in 0.0040828 seconds
Start importing Packages/com.unity.collab-proxy/Editor/Assets/Images/d_iconplasticnotifyconflict.png using Guid(51582ae5ea51fa14996791a550f89473) (TextureImporter) -> (artifact id: '651f9aadc7f3f5d8847fb0406d51b717') in 0.0037068 seconds
Start importing Packages/com.unity.timeline/Editor/StyleSheets/Images/Icons/TrackMuteButtonEnabled@2x.png using Guid(512aaee9b220348408a2e518f98d6e14) (TextureImporter) -> (artifact id: '31d84ba5559fecb867fda3dfc2cc9ab6') in 0.0039846 seconds
Start importing Packages/com.unity.collab-proxy/Editor/Assets/Images/d_iconplasticview.png using Guid(519d97e745e55f041b609f3666cbc037) (TextureImporter) -> (artifact id: 'c3657f789595202499448ca27a4e1f9f') in 0.0035215 seconds
Start importing Packages/com.unity.timeline/Editor/StyleSheets/Images/Icons/TrackAvatarButtonEnabled@2x.png using Guid(51bf5f55a8a01e546bf6092b54fdae20) (TextureImporter) -> (artifact id: '3335cb2f4bcc8c982729cd055cec0d87') in 0.0040592 seconds
Start importing Packages/com.unity.timeline/Editor/StyleSheets/Images/Icons/d_TrackMarkerButtonEnabled@2x.png using Guid(6192986415256ca47a97a97507406f5e) (TextureImporter) -> (artifact id: '4872505634592d3f9fae28e621fac538') in 0.0038323 seconds
Start importing Packages/com.unity.timeline/Editor/StyleSheets/Images/LightSkin/TimelineContinue.png using Guid(61c21f74972ba8246b3ea400a9231841) (TextureImporter) -> (artifact id: 'c813c8876e392101077f303d06e312fa') in 0.0038921 seconds
Start importing Packages/com.unity.collab-proxy/Editor/Assets/Images/d_iconbranches.png using Guid(612c5e166a121e3449dad067fbdc37a4) (TextureImporter) -> (artifact id: '5cb1e1f727915eb9b5ebc556b7626df4') in 0.003836 seconds
Start importing Packages/com.unity.collab-proxy/Editor/Assets/Images/d_iconlockedlocaloverlay.png using Guid(71c45f80bffdb9145ad2c456254c862e) (TextureImporter) -> (artifact id: 'de56a52a8813eb1254247db86d4fd32d') in 0.0038292 seconds
Start importing Packages/com.unity.timeline/Editor/StyleSheets/Images/Icons/TrackMuteButtonEnabled.png using Guid(81e8b4a4bcbf7a14898e2658fd827642) (TextureImporter) -> (artifact id: '9fee470826ad04cdbbb29d3cba1ad837') in 0.0039197 seconds
Start importing Packages/com.unity.ugui/Editor Resources/Textures/btn_AlignCenter.psd using Guid(81ed8c76d2bc4a4c95d092c98af4e58f) (TextureImporter) -> (artifact id: '294d45d4fab289480bb4974dc84d6a34') in 0.0039119 seconds
Start importing Packages/com.unity.timeline/Editor/StyleSheets/Images/Icons/d_TrackAvatarButtonDisabled.png using Guid(91746a504b59769439bb2749c314d231) (TextureImporter) -> (artifact id: '6ea648b7d69be06dbd30dc022e9bcfca') in 0.0035674 seconds
Start importing Packages/com.unity.collab-proxy/Editor/Assets/Images/iconemptygravatar.png using Guid(91976e8b9ce0f0341838727acd55621c) (TextureImporter) -> (artifact id: 'fd0a1d67fc5991ef1a4b33feac69f4e9') in 0.0041182 seconds
Start importing Packages/com.unity.timeline/Editor/StyleSheets/Images/Icons/d_TimelineEditModeReplaceOFF.png using Guid(912fd71cbf4cbe140b4f240bedbc1f3e) (TextureImporter) -> (artifact id: 'b9397274d75adac5a72655be4ddb2efc') in 0.0038273 seconds
Start importing Packages/com.unity.timeline/Editor/StyleSheets/Images/Icons/TimelineDigIn.png using Guid(b1d064d6d80829f4eb370f679384ea1f) (TextureImporter) -> (artifact id: '185740db12cf3e57fa3a258d04d80315') in 0.003621 seconds
Start importing Packages/com.unity.collab-proxy/Editor/Assets/Images/iconshelve.png using Guid(b1b37c2733b68854ba004ff712ef849f) (TextureImporter) -> (artifact id: 'a7255f6411a4d55236e1acf4a71ec11d') in 0.0038554 seconds
Start importing Packages/com.unity.collab-proxy/Editor/Assets/Images/d_iconbranch.png using Guid(c1516142c0a669b42aecce30a3459017) (TextureImporter) -> (artifact id: '377a2de1ca25257517567a6ccf03e4d5') in 0.0039611 seconds
Start importing Packages/com.unity.timeline/Editor/StyleSheets/Images/DarkSkin/TimelineMarkerItem.png using Guid(c133595e3c100774496e03e66fa69259) (TextureImporter) -> (artifact id: '499fdb3c5c8eae862d4da0278121d63e') in 0.0034659 seconds
Start importing Packages/com.unity.collab-proxy/Editor/Assets/Images/d_iconclipboard@2x.png using Guid(c115023c6a2060d4da6a7684bd40c5c0) (TextureImporter) -> (artifact id: 'e0346083f29bf6c495487acb781f4ab0') in 0.0037257 seconds
Start importing Packages/com.unity.timeline/Editor/StyleSheets/Images/Icons/d_TrackMarkerButtonEnabled.png using Guid(d18286874382ef042bbbdab5f71329c1) (TextureImporter) -> (artifact id: '39a5f415b952372dc67aec98f1488153') in 0.0039383 seconds
Start importing Packages/com.unity.collab-proxy/Editor/Assets/Images/iconconflicted.png using Guid(d1c88f142eee55b4eb2b2cfd7b3624ce) (TextureImporter) -> (artifact id: '86ea00aab6bc7bf071715e755c0e5841') in 0.003935 seconds
Start importing Packages/com.unity.timeline/Editor/StyleSheets/Images/Icons/TrackMarkerButtonEnabled.png using Guid(d1eccbb425fdacc4ba53ce4223f4ea30) (TextureImporter) -> (artifact id: '4c94b05863f268201598c609c21ddf6e') in 0.0036085 seconds
Start importing Packages/com.unity.collab-proxy/Editor/Assets/Images/d_iconlabel.png using Guid(e1e64e28e7631534d8408668bcb82502) (TextureImporter) -> (artifact id: 'f34bbe3efe2defb7e8e0cc8a684a3c7e') in 0.004051 seconds
Start importing Packages/com.unity.timeline/Editor/StyleSheets/Images/DarkSkin/TimelineAutokey_active.png using Guid(e17ee60887efdd04389991a15ee0c578) (TextureImporter) -> (artifact id: '9bc1b0301494bf5dcdddbcd1dd400dd5') in 0.0042342 seconds
Start importing Packages/com.unity.collab-proxy/Editor/Assets/Images/d_iconplasticnotifypendingchangesandincoming.png using Guid(f180c6addffab449cb6897ba994abec5) (TextureImporter) -> (artifact id: '43bce7fa55cbe49f5f6d7d38fe9d7db2') in 0.0039792 seconds
Start importing Packages/com.unity.visualscripting/Editor/VisualScripting.Core/IconMap/StateMachine@32x.png using Guid(f144232ea2c6046438f6cda6c1bad1af) (TextureImporter) -> (artifact id: 'e3c1823419c61ff2d4c9a3f055d8ed0b') in 0.0040745 seconds
Start importing Packages/com.unity.timeline/Editor/StyleSheets/Images/DarkSkin/TimelineMarkerItemCollapsed.png using Guid(f179d9a3cccffb04ba2e27f681e9b147) (TextureImporter) -> (artifact id: '27d01fcb7863efd5c36dbccc17d1d830') in 0.0041268 seconds
Start importing Packages/com.unity.collab-proxy/Editor/Assets/Images/d_iconaddedlocal@2x.png using Guid(02800fb9cff14da47a04572790384d8b) (TextureImporter) -> (artifact id: '906cbe7475f1183f5db88fbb5a30355e') in 0.0040105 seconds
Start importing Packages/com.unity.collab-proxy/Editor/Assets/Images/iconzoomin@2x.png using Guid(0247a919add89e04aad63b6657886901) (TextureImporter) -> (artifact id: '307440f3177f76456f71204070175723') in 0.0040979 seconds
Start importing Packages/com.unity.ugui/Editor Resources/Textures/btn_AlignLeft_Light.psd using Guid(12736c98af174f91827a26b66d2b01b9) (TextureImporter) -> (artifact id: '8ae46dc102237b3548accb2f489a3796') in 0.0041043 seconds
Start importing Packages/com.unity.collab-proxy/Editor/Assets/Images/iconmergelink.png using Guid(120bf54dff785a0429b068b814e9c12a) (TextureImporter) -> (artifact id: '15104d32d3b8878d22453c60f511d1b1') in 0.0037206 seconds
Start importing Packages/com.unity.timeline/Editor/StyleSheets/Images/Icons/d_TimelineDigIn.png using Guid(22c3c381bd3cd4a40a8541103023e1ef) (TextureImporter) -> (artifact id: 'fe006d3c9bf5cb259c4415d92e264d7a') in 0.0038169 seconds
Start importing Packages/com.unity.collab-proxy/Editor/Assets/Images/iconclouddriveview.png using Guid(229870d327005574fb840c2dd8050ec6) (TextureImporter) -> (artifact id: '7e1fcb49533b788bd79322510dbc824e') in 0.0036509 seconds
Start importing Packages/com.unity.timeline/Editor/StyleSheets/Images/DarkSkin/TimelineIconClipOut.png using Guid(32f7e3598d6414c489127629e29af3f6) (TextureImporter) -> (artifact id: '7c2e608d2c5d0c755b45aa4339688064') in 0.0033801 seconds
Start importing Packages/com.unity.collab-proxy/Editor/Assets/Images/d_iconzoomout@2x.png using Guid(320a7c2756434dc43b9ecca2585168b2) (TextureImporter) -> (artifact id: '00fae3e302d1d0cd219f36f07bc9175e') in 0.0036066 seconds
Start importing Packages/com.unity.testtools.codecoverage/Editor/Icons/d_FolderOpened@2x.png using Guid(327ac160fa4588b4ab06124fe53fdbd1) (TextureImporter) -> (artifact id: 'd3bc398113fb5b90c41a1460a7e23b41') in 0.003177 seconds
Start importing Packages/com.unity.collab-proxy/Editor/Assets/Images/iconlabel.png using Guid(42540fa3b3cef1340bebdf077d0e2030) (TextureImporter) -> (artifact id: 'eb1ec991429c3d5f0ea9e614f6f4c3e6') in 0.0032107 seconds
Start importing Packages/com.unity.collab-proxy/Editor/Assets/Images/iconbranch@2x.png using Guid(425970578f3342a43b40545d1ac8a25d) (TextureImporter) -> (artifact id: '7a29d1cf0c33bc09b79b312aede7045a') in 0.003762 seconds
Start importing Packages/com.unity.visualscripting/Editor/VisualScripting.Shared/EditorAssetResources/SplitButtonArrow.png using Guid(52236e1d9300f4f718999db6c872a5d8) (TextureImporter) -> (artifact id: '4a70d1ae06a3e8c0f6181538ab9f3687') in 0.0035404 seconds
Start importing Packages/com.unity.timeline/Editor/StyleSheets/Images/Icons/TrackMuteButtonDisabled.png using Guid(5216b1b48296ef345ad2d2ec43105bf0) (TextureImporter) -> (artifact id: '45bd7ae156f84c92b198ae023b8c56d4') in 0.0032948 seconds
Start importing Packages/com.unity.collab-proxy/Editor/Assets/Images/iconignoredoverlay.png using Guid(52a825037e457964f9c91a99d4522f14) (TextureImporter) -> (artifact id: 'c47f44f913d541afe8d1183447c99d4e') in 0.0033453 seconds
Start importing Packages/com.unity.timeline/Editor/StyleSheets/Images/Icons/d_TrackLockButtonDisabled.png using Guid(52ee3ba2abc3da14a95cdf64d32ae0ae) (TextureImporter) -> (artifact id: 'b63aba057f5a30c73791e705174bd87b') in 0.0033118 seconds
Start importing Packages/com.unity.collab-proxy/Editor/Assets/Images/d_icondeletedremote@2x.png using Guid(626b9cddb29049e4cac50cd87b419945) (TextureImporter) -> (artifact id: '21ff1b4863ea5bb67617fba55601531d') in 0.0034234 seconds
Start importing Packages/com.unity.timeline/Editor/StyleSheets/Images/Shared/TimelineOutline.png using Guid(829511f8e35bf3a40be037a1050f801c) (TextureImporter) -> (artifact id: '4faf0cf20c8a31332c3a6ea46ab58a8a') in 0.0034111 seconds
Start importing Packages/com.unity.collab-proxy/Editor/Assets/Images/d_iconhistory.png using Guid(8219bbb48767b46e7b1588dad7f021aa) (TextureImporter) -> (artifact id: 'b725345d3dc58fc506027932ad9e18ed') in 0.0034808 seconds
Start importing Packages/com.unity.timeline/Editor/StyleSheets/Images/LightSkin/TimelineStartPlayback.png using Guid(824c4beb0ca6c934bbc7a26919302236) (TextureImporter) -> (artifact id: 'b08e1ab28c2a9e4487561f642bb39965') in 0.0035255 seconds
Start importing Packages/com.unity.ugui/Editor Resources/Textures/btn_AlignJustified.psd using Guid(92027f7f8cfc4feaa477da0dc38d3d46) (TextureImporter) -> (artifact id: 'c7a44eb20c8ca763ff8ce837a4937227') in 0.0033674 seconds
Start importing Packages/com.unity.collab-proxy/Editor/Assets/Images/d_icondeletedlocaloverlay@2x.png using Guid(92b204cca46037444ab18ba6701f86f7) (TextureImporter) -> (artifact id: '1be1e31026a1947676429df4bdc99cc0') in 0.0039001 seconds
Start importing Packages/com.unity.collab-proxy/Editor/Assets/Images/d_iconshelve@2x.png using Guid(9264df9de832d7f4bb90a1d0c31d8343) (TextureImporter) -> (artifact id: 'ec8c9aec965fbe15c0467b13bee84333') in 0.0037266 seconds
Start importing Packages/com.unity.timeline/Editor/StyleSheets/Images/DarkSkin/TimelineAutokey.png using Guid(92b5e4310629b264dad0fb2cc196d818) (TextureImporter) -> (artifact id: '200365b814ed64596f4a530208d074f3') in 0.0038344 seconds
Start importing Packages/com.unity.ugui/Editor Resources/Textures/btn_AlignLeft.psd using Guid(9288066c33474b94b6ee5465f4df1cc0) (TextureImporter) -> (artifact id: '3e0a056fee3cec6b787cde86e46508fe') in 0.0036865 seconds
Start importing Packages/com.unity.collab-proxy/Editor/Assets/Images/d_refresh.png using Guid(92b8c447daf4d4b41a0ec148d1091261) (TextureImporter) -> (artifact id: 'd0002d8c8d90fa2b9335a3c82c8182e7') in 0.0037054 seconds
Start importing Packages/com.unity.timeline/Editor/StyleSheets/Images/DarkSkin/TimelineEndPlayback.png using Guid(c285802d9d414814fad592b90b223f15) (TextureImporter) -> (artifact id: '618ad44522db9c0ffa32301a331d13eb') in 0.003499 seconds
Start importing Packages/com.unity.timeline/Editor/StyleSheets/Images/Icons/d_TrackAvatarButtonEnabled.png using Guid(c207dcd389fb689489f5266468cd4609) (TextureImporter) -> (artifact id: 'd0dcee8aa9eb8b51866ced424dd2275d') in 0.0033649 seconds
Start importing Packages/com.unity.ugui/Editor Resources/Textures/btn_AlignMidLine.psd using Guid(c2f7f6a88b4c4f20a53deb72f3d9144c) (TextureImporter) -> (artifact id: 'fa7be549c2fbcbe2cfad036d02104c2e') in 0.0034824 seconds
Start importing Packages/com.unity.collab-proxy/Editor/Assets/Images/buttonssosigninemail.png using Guid(d24e7e0b75e1a244bb9687d6fd4315ef) (TextureImporter) -> (artifact id: '90b0400bec1985df895481b64dd0d3e5') in 0.0037165 seconds
Start importing Packages/com.unity.collab-proxy/Editor/Assets/Images/d_ArrowCaretLeft.png using Guid(e2c5ee46f6b0148afbe40d935c70faee) (TextureImporter) -> (artifact id: 'fd4edc2b2fa28967095bafa2a26dd5d4') in 0.0034601 seconds
Start importing Packages/com.unity.collab-proxy/Editor/Assets/Images/d_iconmovedoverlay@2x.png using Guid(e27bb56b83f03421880673ee2b951102) (TextureImporter) -> (artifact id: '61fc1e784ae5693161a1aca8ff999ea3') in 0.0038496 seconds
Start importing Packages/com.unity.timeline/Editor/StyleSheets/Images/LightSkin/TimelineDisabledBackground.png using Guid(0304baf8d224f3e47b22d872c8dcd412) (TextureImporter) -> (artifact id: 'ce2334a0ae17dca7dfc73d1b10698a83') in 0.0038071 seconds
Start importing Packages/com.unity.timeline/Editor/StyleSheets/Images/Icons/TimelineCollapseMarkerButtonEnabled.png using Guid(0367ce1ebbbb18940b79eed63a0315d5) (TextureImporter) -> (artifact id: '0d6c11b375ce34c6b813e53ef076f635') in 0.0034209 seconds
Start importing Packages/com.unity.collab-proxy/Editor/Assets/Images/iconpendingchangesview.png using Guid(034d3052cb4a54f028bf55f9f9115d3c) (TextureImporter) -> (artifact id: '2c5ed04df95a433ee2e37711d9447111') in 0.0036991 seconds
Start importing Packages/com.unity.timeline/Editor/StyleSheets/Images/Shared/TimelineDisplay.png using Guid(03ae22b9de3989144a9bebf8972b4fad) (TextureImporter) -> (artifact id: '7caf47dc4bddf237ded5dd2b34ca1b3d') in 0.0035436 seconds
Start importing Packages/com.unity.collab-proxy/Editor/Assets/Images/secondarytabclose.png using Guid(03cefa94d5aa9d74993fb2138af9d607) (TextureImporter) -> (artifact id: '51a5e0eb88c04be2c3bb1e41115e05ff') in 0.0031644 seconds
Start importing Packages/com.unity.visualscripting/Editor/VisualScripting.Core/IconMap/SceneVariables.png using Guid(1322acb2dac5e7f4cbae25e022caf9d2) (TextureImporter) -> (artifact id: 'cd8224839bb93162bee6a39c4464651e') in 0.0036235 seconds
Start importing Packages/com.unity.collab-proxy/Editor/Assets/Images/iconclosebutton.png using Guid(13527793884104b46b7446fd7464c3ed) (TextureImporter) -> (artifact id: 'e3f5377cd57c2797f12240b9ec08b39f') in 0.003207 seconds
Start importing Packages/com.unity.collab-proxy/Editor/Assets/Images/iconconflictresolvedoverlay.png using Guid(1318ab8bf649dcf43b922511fa5e155b) (TextureImporter) -> (artifact id: 'e379128f6631fd29ad7bea58a062b10f') in 0.0030788 seconds
Start importing Packages/com.unity.collab-proxy/Editor/Assets/Images/d_iconplasticnotifyconflict@2x.png using Guid(23743f0c0ed1e6546808a5d645c2a6a5) (TextureImporter) -> (artifact id: 'e7d683adeb84dcc2b20eebe7cbe39e65') in 0.003266 seconds
Start importing Packages/com.unity.collab-proxy/Editor/Assets/Images/d_icondeletedremote.png using Guid(23e66f7264c74424889342127f229577) (TextureImporter) -> (artifact id: '7999fa3cc92bc9ba780d9acea86337d0') in 0.0036255 seconds
Start importing Packages/com.unity.collab-proxy/Editor/Assets/Images/iconpendingchanges@2x.png using Guid(232fe04bebe5e904bb0568e685bd32a6) (TextureImporter) -> (artifact id: '22885370ba15b96ba3b0376af7108085') in 0.0038133 seconds
Start importing Packages/com.unity.timeline/Editor/StyleSheets/Images/Icons/TimelineClipFG.png using Guid(33b1871a2d09cfa459a93f4e8feb5c41) (TextureImporter) -> (artifact id: '5b15639ccc2f742f6b3f290eb8554b77') in 0.003299 seconds
Start importing Packages/com.unity.timeline/Editor/StyleSheets/Images/Icons/TrackMarkerButtonDisabled.png using Guid(33a52b41b4de5874ca7da1da32067e39) (TextureImporter) -> (artifact id: '4cdfeeb2c3b5126673763d9a357b1e7d') in 0.0031775 seconds
Start importing Packages/com.unity.collab-proxy/Editor/Assets/Images/inclusionrule@2x.png using Guid(43411f399f49b42eb9a7157481e8747c) (TextureImporter) -> (artifact id: '1eb578227e25a5bb8e8bbe9487216e25') in 0.0034833 seconds
Start importing Packages/com.unity.collab-proxy/Editor/Assets/Images/d_iconzoomout.png using Guid(43735cb4df8a4aa49b379e83bd9d77b8) (TextureImporter) -> (artifact id: 'ff83511ccc23a0c7c7dafc7307798ea2') in 0.003359 seconds
Start importing Packages/com.unity.timeline/Editor/StyleSheets/Images/Icons/d_TrackCurvesButtonEnabled@2x.png using Guid(43ed4593c5ddda0439fcc1bdaf8309fe) (TextureImporter) -> (artifact id: '16583b3b7aa2b66894ef3f283c3b084b') in 0.0035385 seconds
Start importing Packages/com.unity.timeline/Editor/StyleSheets/Images/DarkSkin/TimelinePlayRange.png using Guid(43eeff8a446b32242a4fb1a5c1bd7b8e) (TextureImporter) -> (artifact id: 'f320162bd1148189e83313e45f966fec') in 0.0034268 seconds
Start importing Packages/com.unity.collab-proxy/Editor/Assets/Images/d_iconincomingchangesview@2x.png using Guid(43fe0cd0da17e47fc9e56f08a2415f65) (TextureImporter) -> (artifact id: '9182b5ee2e4e5ffcc0d690f6b4ee5271') in 0.003398 seconds
Start importing Packages/com.unity.collab-proxy/Editor/Assets/Images/inclusionrule.png using Guid(63387a17b866347b390227e10a2b1f2e) (TextureImporter) -> (artifact id: 'a82064e91ab03f844d056f84c7e2110a') in 0.0036549 seconds
Start importing Packages/com.unity.collab-proxy/Editor/Assets/Images/iconoutofsync.png using Guid(636d03a8834e3ed4cac3a1cb4b82deaf) (TextureImporter) -> (artifact id: '511864549d257757fbda8faa5e2b2078') in 0.0033592 seconds
Start importing Packages/com.unity.collab-proxy/Editor/Assets/Images/d_iconaddedoverlay.png using Guid(73d124bf77e463c45942d14136745d9f) (TextureImporter) -> (artifact id: '8e06139e481b471a2e3bbd7efd281c5e') in 0.0032437 seconds
Start importing Packages/com.unity.timeline/Editor/StyleSheets/Images/Icons/TimelineSelector.png using Guid(73f5ebb64da7b2a40ab6bffac80f1a61) (TextureImporter) -> (artifact id: '2a38e6ae15a3c532a30bc34b007b4106') in 0.0032745 seconds
Start importing Packages/com.unity.collab-proxy/Editor/Assets/Images/d_iconzoomin@2x.png using Guid(73d87bc3a27171144985c68fbbd54380) (TextureImporter) -> (artifact id: '5ab156e9d903920254106ccd7b5abf32') in 0.0037511 seconds
Start importing Packages/com.unity.collab-proxy/Editor/Assets/Images/iconinfobellnotification@2x.png using Guid(830164d71b9d60c40b606822b957d10b) (TextureImporter) -> (artifact id: '7d7e5f6f1f85a811b834c6e7af561a57') in 0.0037599 seconds
Start importing Packages/com.unity.timeline/Editor/StyleSheets/Images/Icons/TrackCurvesButtonDisabled@2x.png using Guid(a383d8b1327c9254896ad76d6efaf357) (TextureImporter) -> (artifact id: 'ebe39554bb1507c9066365357cbf9228') in 0.0035981 seconds
Start importing Packages/com.unity.collab-proxy/Editor/Assets/Images/icondeletedlocaloverlay@2x.png using Guid(a3e491f99ea3ad74f8731ca93e84c497) (TextureImporter) -> (artifact id: '8f0606dd97a2c2c4ed49c891d164b1a9') in 0.0035573 seconds
Start importing Packages/com.unity.collab-proxy/Editor/Assets/Images/d_iconedit@2x.png using Guid(a36e66e044a5fd94ca570351917c6bda) (TextureImporter) -> (artifact id: '0975904a283e31eac2d6746dba0aef65') in 0.0039274 seconds
Start importing Packages/com.unity.collab-proxy/Editor/Assets/Images/d_iconconflictedoverlay@2x.png using Guid(a3ced8f7044b9de4787602a9e9b20ea7) (TextureImporter) -> (artifact id: 'ff2946d2e86381725e4f22c201f5abbe') in 0.0033232 seconds
Start importing Packages/com.unity.collab-proxy/Editor/Assets/Images/d_ArrowCaretLeft@2x.png using Guid(b3e01e80c420d4ac9a425a6abf8c99ec) (TextureImporter) -> (artifact id: '5e30ba09d609de4bdc50352701e623e8') in 0.0037542 seconds
Start importing Packages/com.unity.timeline/Editor/StyleSheets/Images/Icons/d_TrackMarkerButtonDisabled.png using Guid(b3644a971cca0bd4eb357cb9aca4dde1) (TextureImporter) -> (artifact id: '0e2959440427ccaefbe4d15b557c8fe9') in 0.003332 seconds
Start importing Packages/com.unity.timeline/Editor/StyleSheets/Images/Icons/TrackMarkerButtonEnabled@2x.png using Guid(c35a22ede3f5feb488bf69587ddc36ed) (TextureImporter) -> (artifact id: '28ed249989cc56f9251d129867e9e238') in 0.0036239 seconds
Start importing Assets/ˮ��/��ʼui.png using Guid(c36bdfd031678794ca146b87fff0cae3) (TextureImporter) -> (artifact id: '356aa5e7cdaf76942eea3ae517fa4e60') in 0.0125854 seconds
Start importing Packages/com.unity.collab-proxy/Editor/Assets/Images/d_iconretainedoverlay@2x.png using Guid(c34cd61ed96ff9a40a54e159467c5155) (TextureImporter) -> (artifact id: '42e66cef075d6d35ddd33d3f87c1d149') in 0.0041584 seconds
Start importing Packages/com.unity.timeline/Editor/StyleSheets/Images/DarkSkin/TimelinePingPong.png using Guid(d3b5c4f7d6b94f64085b3713bffa680e) (TextureImporter) -> (artifact id: '3d7795116f3ee76aec90fb287169c7be') in 0.0034185 seconds
Start importing Packages/com.unity.collab-proxy/Editor/Assets/Images/iconcurrentbranch.png using Guid(d30af1e364af1fc48be2ff2dcb0d4724) (TextureImporter) -> (artifact id: '35eebe9d21e9f8cbdc1c6360d6b3c27d') in 0.0037215 seconds
Start importing Packages/com.unity.ugui/Editor Resources/Textures/SectionHeader_Light.psd using Guid(e3b0f810fdea84e40ab4ba20f256f7e8) (TextureImporter) -> (artifact id: 'd6727e508551368680a4636051903729') in 0.003469 seconds
Start importing Packages/com.unity.collab-proxy/Editor/Assets/Images/iconplasticnotifypendingchanges.png using Guid(f3e2797165e71b443bae6264899b89d6) (TextureImporter) -> (artifact id: 'a3a66dd147a0d4889ff7c46d0289b2e3') in 0.0038012 seconds
Start importing Packages/com.unity.collab-proxy/Editor/Assets/Images/d_iconplasticnotifyincoming.png using Guid(f31d2c855644aad4cb2030bce12859f6) (TextureImporter) -> (artifact id: '02b80eb7668e8705de668df55353b824') in 0.0036357 seconds
Start importing Packages/com.unity.collab-proxy/Editor/Assets/Images/d_iconinfobellnotification.png using Guid(f38e832edef3ab648bcc2ab5dfa2906d) (TextureImporter) -> (artifact id: '90b11bc816af02532e8caf8da60052a8') in 0.0038529 seconds
Start importing Assets/ˮ��/����.png using Guid(14a5bc766adfc4440af321bd8a4a2671) (TextureImporter) -> (artifact id: 'b1dd59ab9f31254f11d28177949bc130') in 0.0519805 seconds
Start importing Packages/com.unity.collab-proxy/Editor/Assets/Images/d_buttonssosigninemail@2x.png using Guid(144aa74618b85974a9a50f612c2fa8fd) (TextureImporter) -> (artifact id: 'f08b0040f1095ff987b9a03c2aa0d1eb') in 0.0036605 seconds
Start importing Packages/com.unity.timeline/Editor/StyleSheets/Images/Icons/d_TimelineCollapseMarkerButtonEnabled.png using Guid(2446ee609b613cd4e9142ccc55cb7c43) (TextureImporter) -> (artifact id: '7a999face211d184792cea32b838f4d6') in 0.0036374 seconds
Start importing Packages/com.unity.timeline/Editor/StyleSheets/Images/LightSkin/TimelineMarkerItem.png using Guid(24b97c67b63a23b48bea4036d28a5818) (TextureImporter) -> (artifact id: '8b9e8e18d126175ef8a3223ac5f3a09f') in 0.0032878 seconds
Start importing Packages/com.unity.collab-proxy/Editor/Assets/Images/d_stepok@2x.png using Guid(3494dc956dfd7174abc07060940a2848) (TextureImporter) -> (artifact id: '7794cf868bd20d9c66284c4bc13b472e') in 0.0032586 seconds
Start importing Packages/com.unity.ugui/Editor Resources/Textures/btn_AlignRight.psd using Guid(342a0f8aca7f4f0691338912faec0494) (TextureImporter) -> (artifact id: '4662f7d7d329ea32ea7b3d1b5bf93b35') in 0.0034366 seconds
Start importing Packages/com.unity.collab-proxy/Editor/Assets/Images/d_iconplasticnotifypendingchangesandincoming@2x.png using Guid(54024d7bafa404eb39097aa14df8a5cb) (TextureImporter) -> (artifact id: '3417a73988f35b317bce6b807f527984') in 0.0035221 seconds
Start importing Packages/com.unity.timeline/Editor/StyleSheets/Images/Icons/TrackAvatarButtonDisabled.png using Guid(54623075676bd504d93243fb18745161) (TextureImporter) -> (artifact id: '68cc7b232e7405d1adb9b965a6f4f850') in 0.0035517 seconds
Start importing Packages/com.unity.ugui/Editor Resources/Textures/btn_AlignFlush_Light.psd using Guid(64b9fad609434c489c32b1cdf2004a1c) (TextureImporter) -> (artifact id: '404d48a4ed9c85810c5f3e18c188aed5') in 0.0033924 seconds
Start importing Packages/com.unity.visualscripting/Graphics/Icons_16x_72dpi.psd using Guid(749d1db079e2d5e4ea440488ee312b04) (TextureImporter) -> (artifact id: '3bed34b83b5e639ce1c150291d17750f') in 0.0032958 seconds
Start importing Packages/com.unity.collab-proxy/Editor/Assets/Images/iconaddedoverlay@2x.png using Guid(74ef721fef79c44489d4e3edb0ab0c01) (TextureImporter) -> (artifact id: 'bd3c62749484ee04ab2550c4d33fff09') in 0.0031067 seconds
Start importing Packages/com.unity.collab-proxy/Editor/Assets/Images/iconrepository@2x.png using Guid(84f696eaa6e195043b22f318aa59b058) (TextureImporter) -> (artifact id: '4b18a366c69937103266a0d39adc2aea') in 0.0033426 seconds
Start importing Packages/com.unity.visualscripting/Editor/VisualScripting.Core/IconMap/UnityMessageListener@32x.png using Guid(9494e5b136d34c74f96fb0df4a7b9a77) (TextureImporter) -> (artifact id: '8f990e3cd3d7a7ac48f24b082a31ee34') in 0.0030927 seconds
Start importing Packages/com.unity.collab-proxy/Editor/Assets/Images/iconpressedclosebutton.png using Guid(94fe868620119564f9474f40cd6145aa) (TextureImporter) -> (artifact id: '1deca241a82dd4a49ee63f703306337f') in 0.0038751 seconds
Start importing Packages/com.unity.timeline/Editor/StyleSheets/Images/Icons/Timeline-Marker-Warning-Overlay.png using Guid(945f4ecec6df62244b9ebcc363833642) (TextureImporter) -> (artifact id: '4c91d7aa6ab860b7d59a1d0007f650d5') in 0.0031725 seconds
Start importing Packages/com.unity.collab-proxy/Editor/Assets/Images/iconinviteusers@2x.png using Guid(b43651fb085b38445ade3f9de3ab0636) (TextureImporter) -> (artifact id: '91f314156c768e4d2ae020490181f0d1') in 0.0033806 seconds
Start importing Packages/com.unity.collab-proxy/Editor/Assets/Images/d_iconadd@2x.png using Guid(c41381829109cd84786a392ea6e3db60) (TextureImporter) -> (artifact id: 'a8e474f1019b86ca038e7883566ae11a') in 0.0032602 seconds
Start importing Packages/com.unity.collab-proxy/Editor/Assets/Images/d_iconcurrentbranch@2x.png using Guid(c48b8bcda45b63442a7a7c7244c84635) (TextureImporter) -> (artifact id: '4bd64380b1b682af6bed1dbe62b856a8') in 0.0037131 seconds
Start importing Packages/com.unity.collab-proxy/Editor/Assets/Images/stepok.png using Guid(d4780dc1205c7c7478c970d8c61d24e8) (TextureImporter) -> (artifact id: '2c0b3d223958e97530361048819f852e') in 0.0031654 seconds
Start importing Packages/com.unity.timeline/Editor/StyleSheets/Images/Icons/TimelineClipBG.png using Guid(d44fc8b11425e0043aa7c20a301ce707) (TextureImporter) -> (artifact id: 'bdf4b6b13c784691f0c3235100b0665d') in 0.0031745 seconds
Start importing Packages/com.unity.collab-proxy/Editor/Assets/Images/d_iconbrex.png using Guid(d44f9c7a4044e1845b5b3627ba32fb10) (TextureImporter) -> (artifact id: '66a506af729e24b374feaed545dd3cc6') in 0.0032704 seconds
Start importing Packages/com.unity.collab-proxy/Editor/Assets/Images/iconoutofsyncoverlay.png using Guid(e4517bb2f521d99439ec9981a44a87ec) (TextureImporter) -> (artifact id: '5c27be137c548d748c4cecc09a5d2297') in 0.003594 seconds
Start importing Packages/com.unity.collab-proxy/Editor/Assets/Images/iconbranches@2x.png using Guid(e45389a8a97044d4caf408f252370632) (TextureImporter) -> (artifact id: 'b418b76ea56885bd38d29a81be29a796') in 0.0034287 seconds
Start importing Packages/com.unity.collab-proxy/Editor/Assets/Images/d_ArrowCaretRight.png using Guid(f4d4cddc7d40e49e18d2253e661465b2) (TextureImporter) -> (artifact id: 'a66316d522ce1503d57f948ec1f9ffe7') in 0.0034176 seconds
Start importing Packages/com.unity.collab-proxy/Editor/Assets/Images/iconhistory.png using Guid(f42a69ee6b34c4a8eb57e17686d6ab67) (TextureImporter) -> (artifact id: '735994b6d02bec057c3451275e20a2e6') in 0.0038428 seconds
Start importing Packages/com.unity.collab-proxy/Editor/Assets/Images/d_iconclosebutton@2x.png using Guid(0525793900d728a42936791a8a6de63b) (TextureImporter) -> (artifact id: '7558b8639844088d9c4e19ad0bab47ed') in 0.003291 seconds
Start importing Packages/com.unity.collab-proxy/Editor/Assets/Images/d_inclusionrule.png using Guid(05ba7199286b24c6ca7441e2c454f5c3) (TextureImporter) -> (artifact id: '040b0598146e25b6b903e092cfe48b45') in 0.0034052 seconds
Start importing Packages/com.unity.collab-proxy/Editor/Assets/Images/d_iconconflictresolvedoverlay.png using Guid(056ee72c467a4e24d87541d42839ca72) (TextureImporter) -> (artifact id: '675e9e97d828c0746aedb0eaaddf4cec') in 0.0032243 seconds
Start importing Packages/com.unity.timeline/Editor/StyleSheets/Images/Icons/TimelineSignal.png using Guid(15845fb26c2846947b4dedb9fb348cc1) (TextureImporter) -> (artifact id: '664f71d7f3c1574fbdfe9358af1a3b3e') in 0.0034003 seconds
Start importing Packages/com.unity.collab-proxy/Editor/Assets/Images/iconclouddriveview@2x.png using Guid(259fe6e49c74eb143a9fc88f6bd3f050) (TextureImporter) -> (artifact id: '9782a39d51c9e74c71dc47bc5f669349') in 0.0040195 seconds
Start importing Packages/com.unity.visualscripting/Graphics/Icons_32x_72dpi.psd using Guid(35a21b8c004950548af9fc81919e1aa9) (TextureImporter) -> (artifact id: 'cba886fcaa1bef588f35da9e55751e54') in 0.0036524 seconds
Start importing Packages/com.unity.timeline/Editor/StyleSheets/Images/DarkSkin/TimelineActivation.png using Guid(359cf58d5969d1a4aad29b095c7fc338) (TextureImporter) -> (artifact id: 'da6a17c482b45266acef567b7d8a53b4') in 0.0033505 seconds
Start importing Packages/com.unity.ugui/Editor Resources/Textures/btn_AlignCenterGeo_Light.psd using Guid(35ff0937876540d3bd4b6a941df62a92) (TextureImporter) -> (artifact id: 'e7b369a2d279be23d9f3677ce1469af0') in 0.0035006 seconds
Start importing Packages/com.unity.collab-proxy/Editor/Assets/Images/d_iconzoomin.png using Guid(5544f39aea350784ba1dd4ecc285b777) (TextureImporter) -> (artifact id: '8cf798bc4edcac469fff1e776a6370b3') in 0.0033763 seconds
Start importing Packages/com.unity.collab-proxy/Editor/Assets/Images/d_iconlock@2x.png using Guid(55747841a2e3b47dab36dc8d5e0dc4df) (TextureImporter) -> (artifact id: 'bd0e853c32bc07e07773f4132a8da416') in 0.0036168 seconds
Start importing Packages/com.unity.collab-proxy/Editor/Assets/Images/xlink.png using Guid(556a2f3b046024d4c9621c1b4be5f0c1) (TextureImporter) -> (artifact id: '0ae7bf71743a58166be548f7bb4cdf2e') in 0.0035161 seconds
Start importing Packages/com.unity.collab-proxy/Editor/Assets/Images/d_iconconflicted@2x.png using Guid(65f0e363b74cf5845ab8c3fbc14f39ac) (TextureImporter) -> (artifact id: 'ffbcb83940387da94a3c53a5e18d2ad9') in 0.0034879 seconds
Start importing Packages/com.unity.timeline/Editor/StyleSheets/Images/Shared/Timeline-Marker-Multi-Overlay.png using Guid(75f26f1c549568c4e9950a368bd08cb8) (TextureImporter) -> (artifact id: '99afa7c362e5112f96202bc13ddeefeb') in 0.0034656 seconds
Start importing Packages/com.unity.timeline/Editor/StyleSheets/Images/Icons/TrackCurvesButtonEnabled.png using Guid(9589d5d9eb09dec43b2ad51af4e78b1e) (TextureImporter) -> (artifact id: 'a5113396e0296c3cee1c8e518519bff1') in 0.0035427 seconds
Start importing Packages/com.unity.collab-proxy/Editor/Assets/Images/buttonhome@2x.png using Guid(956deaef7c041ed4abe7a5a3690c28bc) (TextureImporter) -> (artifact id: '42c39479a8fabb65dec15dfdb0289e10') in 0.0036854 seconds
Start importing Packages/com.unity.timeline/Editor/StyleSheets/Images/DarkSkin/TimelineSignalSelected.png using Guid(a5e21f4e466690645980dd0cf0b664bc) (TextureImporter) -> (artifact id: '77508ef2aa068bc3c8ee60aa858b777e') in 0.0034466 seconds
Start importing Packages/com.unity.collab-proxy/Editor/Assets/Images/iconaddedoverlay.png using Guid(a57d0bc93481bd844af3c2236db044f2) (TextureImporter) -> (artifact id: 'afac33d1e972a4fb1dfea8c95af4cc04') in 0.0032953 seconds
Start importing Packages/com.unity.collab-proxy/Editor/Assets/Images/iconlockedlocaloverlay@2x.png using Guid(b528c1b33a65cf94ea74f830b54c9acb) (TextureImporter) -> (artifact id: '0045743fa737a634423504ffae71e06f') in 0.0033825 seconds
Start importing Packages/com.unity.timeline/Editor/StyleSheets/Images/Icons/TimelineEditModeRippleON.png using Guid(c5c1f094d9a9b3f4c9cc6c3a87af871c) (TextureImporter) -> (artifact id: '9572d85fe76ef83f51e8c0069b10c73a') in 0.003363 seconds
Start importing Packages/com.unity.visualscripting/Editor/VisualScripting.Core/IconMap/GlobalMessageListener@32x.png using Guid(c588f7acb736b6940bac7b559c8f59dd) (TextureImporter) -> (artifact id: '07dc80b188d421bbc7faed3caaca5224') in 0.003145 seconds
Start importing Packages/com.unity.collab-proxy/Editor/Assets/Images/iconchangesets.png using Guid(c5d82e0b4fbcf42539ceffc642e631ce) (TextureImporter) -> (artifact id: '925d2fe6ea9a215379322879dd315b10') in 0.0032308 seconds
Start importing Assets/ˮ��/����ͼ.png using Guid(c55b545aef4459b46abdec81c56f3889) (TextureImporter) -> (artifact id: '14af281bd7eec506f20407be9cebc5ff') in 0.0878282 seconds
Start importing Packages/com.unity.collab-proxy/Editor/Assets/Images/d_iconplasticnotifyincoming@2x.png using Guid(c5fc116b3271b5947808130b2212cd60) (TextureImporter) -> (artifact id: '6ece429d3c4622fce23863a62c739877') in 0.0035998 seconds
Start importing Packages/com.unity.collab-proxy/Editor/Assets/Images/icondeletedremoteoverlay@2x.png using Guid(d5c3277b1dbad9448b46c2ec87a2cef8) (TextureImporter) -> (artifact id: '2755061b9a3b3bd663096ddd8d876d53') in 0.0034248 seconds
Start importing Packages/com.unity.timeline/Editor/StyleSheets/Images/Icons/d_TrackCurvesButtonDisabled.png using Guid(d55a54a15106e3f418a43134888f2211) (TextureImporter) -> (artifact id: '0c6ef0fcd57d542b9e36bd2b7fbf40d0') in 0.0037718 seconds
Start importing Packages/com.unity.collab-proxy/Editor/Assets/Images/d_loading.png using Guid(d58e94bfb1bac774dbb8ca9c2597ef2e) (TextureImporter) -> (artifact id: 'a522db380cc54fd84e5a40d736a83239') in 0.0032678 seconds
Start importing Packages/com.unity.timeline/Editor/StyleSheets/Images/Shared/TimelineSwatch.png using Guid(e50018fd67fc156459e4014bdad3f5f6) (TextureImporter) -> (artifact id: 'b373dd7db2898683ba2bc4d85e390c09') in 0.0037014 seconds
Start importing Packages/com.unity.timeline/Editor/StyleSheets/Images/Icons/d_TrackMuteButtonEnabled@2x.png using Guid(e54e20c7a9730fe4c822d63228527ae4) (TextureImporter) -> (artifact id: '635c6be19fe0d056a50af25208cae20b') in 0.0036312 seconds
Start importing Packages/com.unity.ugui/Editor Resources/Textures/btn_AlignMiddle_Light.psd using Guid(066619c9c9c84f89acb1b48c11a7efe2) (TextureImporter) -> (artifact id: '5c2a4b996be3c4fef26478d764469b86') in 0.0037139 seconds
Start importing Packages/com.unity.timeline/Editor/StyleSheets/Images/Icons/d_TimelineSelector.png using Guid(06bf6150656339941aa98e175a995445) (TextureImporter) -> (artifact id: 'ada37795a9eceee48c62a01e698e243d') in 0.003523 seconds
Start importing Packages/com.unity.collab-proxy/Editor/Assets/Images/d_iconpendingchangesview@2x.png using Guid(16e2437bc79d04055b65b968f4eba9c0) (TextureImporter) -> (artifact id: 'e6c640baff7b495ba095d07e3be722db') in 0.0036073 seconds
Start importing Packages/com.unity.collab-proxy/Editor/Assets/Images/d_iconbranch@2x.png using Guid(267a89f787a621e4290fbff7a5442750) (TextureImporter) -> (artifact id: '866aa839f844079435a4ba1390d22969') in 0.0038053 seconds
Start importing Packages/com.unity.collab-proxy/Editor/Assets/Images/d_iconrepository@2x.png using Guid(36564eb85f1bdf2409df96325231cb6c) (TextureImporter) -> (artifact id: 'be4e80bb889d5a1e2ee5fc2dd73fcf8a') in 0.0037017 seconds
Start importing Packages/com.unity.collab-proxy/Editor/Assets/Images/step3@2x.png using Guid(36e6970b84831434a9eac79abd03700b) (TextureImporter) -> (artifact id: '74b0b5b09eec630e9a3a9b337671cec5') in 0.0035194 seconds
Start importing Packages/com.unity.timeline/Editor/StyleSheets/Images/DarkSkin/TimelineLoop.png using Guid(360dded8761e81d4d98c10f469d55492) (TextureImporter) -> (artifact id: '652e7c5e68f45117bc4c1b8d26369646') in 0.0034138 seconds
Start importing Packages/com.unity.collab-proxy/Editor/Assets/Images/d_step3.png using Guid(46930b20180b59e46b73494adf53abbb) (TextureImporter) -> (artifact id: 'da3e585a9a6b54487f39ecd478fd7a1c') in 0.0033933 seconds
Start importing Assets/ˮ��/�ش���ȷui.png using Guid(5637a1edd3a380f49bc539f4caa7c056) (TextureImporter) -> (artifact id: '27758980ceec965740a6438a24013a51') in 0.0753217 seconds
Start importing Packages/com.unity.collab-proxy/Editor/Assets/Images/iconconflictedoverlay@2x.png using Guid(5679a74364f6b4440ab7e7aed55cd95e) (TextureImporter) -> (artifact id: 'c5107d4c1ca13b11f35805d9152e0808') in 0.0040242 seconds
Start importing Packages/com.unity.collab-proxy/Editor/Assets/Images/iconmergeview.png using Guid(569cb7c654ca242978cdc7428c2881a3) (TextureImporter) -> (artifact id: '384565f8b8350caa73adb5c25ffda4d8') in 0.0034974 seconds
Start importing Packages/com.unity.visualscripting/Editor/VisualScripting.Core/IconMap/VariablesAsset@32.png using Guid(562f2dd7647d95e499d958215476bbde) (TextureImporter) -> (artifact id: '6fea555ca33f10073cb063f0e4808fe3') in 0.003391 seconds
Start importing Packages/com.unity.testtools.codecoverage/Editor/Icons/d_FolderOpened.png using Guid(663a080499383ea4e9297061febf5ef7) (TextureImporter) -> (artifact id: '11e6ccb7aca4ca47839b5442a733961e') in 0.0037659 seconds
Start importing Packages/com.unity.collab-proxy/Editor/Assets/Images/iconpendingchanges.png using Guid(76a05d2ec901a8b49a064fe0b0674ba7) (TextureImporter) -> (artifact id: '918071a4db7d53cf7245117f91af2969') in 0.0034962 seconds
Start importing Packages/com.unity.testtools.codecoverage/Editor/Icons/d_CodeCoverage@2x.png using Guid(8616c9d86a8504a4b8b5c65bb6a5644f) (TextureImporter) -> (artifact id: '25f963fa63d195e9a87cc69b6ceeafbe') in 0.003499 seconds
Start importing Packages/com.unity.collab-proxy/Editor/Assets/Images/d_iconadd.png using Guid(864f64164beae6141b39879e1b6f4031) (TextureImporter) -> (artifact id: '469faeadddd5f0ddf4610d550eb6a6a8') in 0.0035047 seconds
Start importing Packages/com.unity.collab-proxy/Editor/Assets/Images/iconplasticnotifypendingchangesandincoming.png using Guid(96967b3953faf48f6885b45aed76490f) (TextureImporter) -> (artifact id: 'd15c7256ceb410f81400853d9543ea42') in 0.0033675 seconds
Start importing Packages/com.unity.collab-proxy/Editor/Assets/Images/iconbranches.png using Guid(a6219d44b6fc910449f7c3fee45db5c5) (TextureImporter) -> (artifact id: '8c112c4476da67d9e8f01fc095caf531') in 0.0044762 seconds
Start importing Packages/com.unity.collab-proxy/Editor/Assets/Images/iconaddedlocal@2x.png using Guid(a67b58d6cddcd4345b1e001340de5a76) (TextureImporter) -> (artifact id: '4eb42919c5353635c8dbfc1e66bb9ec4') in 0.0039428 seconds
Start importing Packages/com.unity.collab-proxy/Editor/Assets/Images/d_iconaddedoverlay@2x.png using Guid(a6fbd5a181bc51e42a61a73fe8d727c8) (TextureImporter) -> (artifact id: '6ee83815480f85b5a52732f01d8fde5f') in 0.0039887 seconds
Start importing Packages/com.unity.collab-proxy/Editor/Assets/Images/iconlockedlocaloverlay.png using Guid(b6073d723b6ef3f429aa7e1d0f3db44f) (TextureImporter) -> (artifact id: 'b046da7ddb07c71a441aa92c5c5db28d') in 0.0036798 seconds
Start importing Packages/com.unity.collab-proxy/Editor/Assets/Images/d_buttonhome@2x.png using Guid(b6f88350c63b24a4abdb197bf2e86d7a) (TextureImporter) -> (artifact id: 'f0f978bc6931bb5a994658b2fca1e41f') in 0.003295 seconds
Start importing Packages/com.unity.timeline/Editor/StyleSheets/Images/LightSkin/TimelineMarkerItemSelected.png using Guid(b6e9dc9aad5843748a0124b8925c3743) (TextureImporter) -> (artifact id: '40eb503860b9f9ee9ef20679b1f1cc40') in 0.0034366 seconds
Start importing Packages/com.unity.timeline/Editor/StyleSheets/Images/Icons/TrackRecordButtonEnabled.png using Guid(c6a0c6226c05f954fa6cd03aebb4d255) (TextureImporter) -> (artifact id: '50a3a87865cfe7727725e41abff09530') in 0.0032158 seconds
Start importing Packages/com.unity.collab-proxy/Editor/Assets/Images/loading.png using Guid(c6b1bcaa3f4767141acd747384dbb276) (TextureImporter) -> (artifact id: 'bc8582c01fd1e750b810cd177f29af58') in 0.0034407 seconds
Start importing Packages/com.unity.collab-proxy/Editor/Assets/Images/iconincomingchangesview.png using Guid(c677bcd9111fb4514aa1a56844e9006f) (TextureImporter) -> (artifact id: '9b76532c41e2471fa25ddbd6e83075bd') in 0.0036095 seconds
Start importing Packages/com.unity.collab-proxy/Editor/Assets/Images/d_exclusionrule.png using Guid(d616c78aaf225437199c9ac8c4f2197b) (TextureImporter) -> (artifact id: '43158210b474d0ea1f6b31950cb63162') in 0.0034943 seconds
Start importing Packages/com.unity.collab-proxy/Editor/Assets/Images/iconprivateoverlay.png using Guid(d69b2503b822f4c3a95386e4bc0c8668) (TextureImporter) -> (artifact id: '7a7ffebcdd7991389a6476ced8e95cbf') in 0.0036711 seconds
Start importing Packages/com.unity.collab-proxy/Editor/Assets/Images/iconmovedoverlay.png using Guid(d63fb8a8a3f06407e8e712a29a3499c0) (TextureImporter) -> (artifact id: 'dc47e3b7315adc18d0b2d97ccecc8b16') in 0.003428 seconds
Start importing Packages/com.unity.collab-proxy/Editor/Assets/Images/d_iconplasticnotifypendingchanges.png using Guid(e64bde76852ee8247b40b50ef8880632) (TextureImporter) -> (artifact id: '7789dc47e5100536afbd85a9b3764635') in 0.0033911 seconds
Start importing Packages/com.unity.timeline/Editor/StyleSheets/Images/LightSkin/TimelineAutokey_active@2x.png using Guid(f6717d61970edba4686c297677881a77) (TextureImporter) -> (artifact id: '93a322f2eae14f75a2922c6c0398c7f0') in 0.0031804 seconds
Start importing Packages/com.unity.collab-proxy/Editor/Assets/Images/d_iconincomingchangesview.png using Guid(f6ea7eb320af940f6ade67ef3befef89) (TextureImporter) -> (artifact id: 'cd27ab592097ad84a58786c0c918a4de') in 0.0032427 seconds
Start importing Packages/com.unity.collab-proxy/Editor/Assets/Images/iconzoomout.png using Guid(0727168a534af3641a8e744834225825) (TextureImporter) -> (artifact id: '3e9a1978e0f96252db527cd5806ee3a2') in 0.0032313 seconds
Start importing Packages/com.unity.collab-proxy/Editor/Assets/Images/d_iconignoredoverlay@2x.png using Guid(079f562959995344baea4cd40a9ecea6) (TextureImporter) -> (artifact id: '076f39925a2c7ab8db11fe1af9a52c56') in 0.0032639 seconds
Start importing Packages/com.unity.timeline/Editor/StyleSheets/Images/Shared/TimelineWarning.png using Guid(1732e542f535d374bbfa7565fc78414e) (TextureImporter) -> (artifact id: 'cd911c01042198332d071edaaeb8f520') in 0.0044477 seconds
Start importing Packages/com.unity.testtools.codecoverage/Editor/Icons/CodeCoverage@2x.png using Guid(37164f8d49df70f448b593fa86e488f5) (TextureImporter) -> (artifact id: '0ae9f88f0ab78073a7bba198cab37472') in 0.003506 seconds
Start importing Packages/com.unity.collab-proxy/Editor/Assets/Images/iconoutofsyncoverlay@2x.png using Guid(3728580c149181a44b359e89f6edacae) (TextureImporter) -> (artifact id: 'fa840d12a2ba6027f9e7dbdd035e537c') in 0.0036807 seconds
Start importing Packages/com.unity.collab-proxy/Editor/Assets/Images/iconpackageupdateavailable@2x.png using Guid(67e680da36c60e245ab0176daa656da5) (TextureImporter) -> (artifact id: '4174a4d6a3147fa196a83166b007862d') in 0.0036205 seconds
Start importing Packages/com.unity.timeline/Editor/StyleSheets/Images/Icons/d_TimelineEditModeRippleON.png using Guid(67a774c4384aa6c488128e2851b18ced) (TextureImporter) -> (artifact id: '49eb725033da4ba7367fa65eecdc4023') in 0.0035425 seconds
Start importing Packages/com.unity.collab-proxy/Editor/Assets/Images/d_iconignoredoverlay.png using Guid(6768dd39d3740af429fb2d88f53390c2) (TextureImporter) -> (artifact id: 'b6d919849085b1fa5737c6c53957d6e3') in 0.0033942 seconds
Start importing Packages/com.unity.timeline/Editor/StyleSheets/Images/Icons/d_TrackMarkerButtonDisabled@2x.png using Guid(77d926c9a4ddcc940b8c000b45cbfb35) (TextureImporter) -> (artifact id: 'dbf2947747ac3ad097861523eb802159') in 0.0034639 seconds
Start importing Packages/com.unity.collab-proxy/Editor/Assets/Images/iconbrex.png using Guid(87480bc179519ff4da25283c61c2573b) (TextureImporter) -> (artifact id: 'f8cb14166b6922c1f48fa7d9e0f22f57') in 0.0035945 seconds
Start importing Packages/com.unity.collab-proxy/Editor/Assets/Images/d_iconbranches@2x.png using Guid(874d8401331ede14087e8d8d486ddda6) (TextureImporter) -> (artifact id: '2f501adb1de4c5bb3f3a26e61a80a03f') in 0.0036063 seconds
Start importing Packages/com.unity.collab-proxy/Editor/Assets/Images/iconplasticview@2x.png using Guid(97a4e2b6ae08b1140a5ba9e22953e029) (TextureImporter) -> (artifact id: 'c4764ed9fd1ccd53daa0796aaf686390') in 0.0035079 seconds
Start importing Packages/com.unity.timeline/Editor/StyleSheets/Images/LightSkin/TimelineIconClipOut.png using Guid(a7a968b204ed77c4ba90be3ef3ee8551) (TextureImporter) -> (artifact id: '8a3dfb3a8d7a237c58dc7626fa1e7fcf') in 0.003454 seconds
Start importing Packages/com.unity.ugui/Editor Resources/Gizmos/TMP - Dropdown Icon.psd using Guid(a7ec9e7ad8b847b7ae4510af83c5d868) (TextureImporter) -> (artifact id: '7e1882bee782464aa59eb0594b60f6f5') in 0.0039302 seconds
Start importing Packages/com.unity.collab-proxy/Editor/Assets/Images/d_iconchangesets@2x.png using Guid(b76c20add7d3d4f79afcbafeaa12e974) (TextureImporter) -> (artifact id: '3eaae8971b9c8794a775555f8091e68d') in 0.0034942 seconds
Start importing Packages/com.unity.ugui/Editor Resources/Textures/btn_AlignCenterGeo.psd using Guid(c76700ea0062413d9f69409b4e9e151b) (TextureImporter) -> (artifact id: '00768edec41a6370022c806eb1ae4f24') in 0.0033181 seconds
Start importing Packages/com.unity.collab-proxy/Editor/Assets/Images/iconmovedoverlay@2x.png using Guid(c7bee029a895b44cfb249d7cd63d13af) (TextureImporter) -> (artifact id: 'c8cc1516e4b778f650654ad3b743d272') in 0.0032429 seconds
Start importing Packages/com.unity.timeline/Editor/StyleSheets/Images/LightSkin/TimelineLoop.png using Guid(c7df1e797b21c774f9b859d17f674737) (TextureImporter) -> (artifact id: '33826ee5d5b294c5105d12387e9eaabc') in 0.0030888 seconds
Start importing Packages/com.unity.collab-proxy/Editor/Assets/Images/iconoutofsync@2x.png using Guid(d7094718bdac022428dd29244922d06b) (TextureImporter) -> (artifact id: '17c9d9a0a2af18543f03c72f219d29f4') in 0.0034039 seconds
Start importing Packages/com.unity.collab-proxy/Editor/Assets/Images/iconretainedoverlay.png using Guid(e73eb87336d0d0846a48f288248f52eb) (TextureImporter) -> (artifact id: '603cf85d9608a85c98e48a9571d2a09a') in 0.0036078 seconds
Start importing Packages/com.unity.visualscripting/Editor/VisualScripting.Core/IconMap/FlowMachine@32x.png using Guid(f723b77167d184d4a8ab528db8b55744) (TextureImporter) -> (artifact id: '013756626ce805ee2d2b2e73452b6d51') in 0.0036668 seconds
Start importing Packages/com.unity.timeline/Editor/StyleSheets/Images/DarkSkin/TimelineContinue.png using Guid(f747f9cdf03f2ff418fe728a77e8cbef) (TextureImporter) -> (artifact id: '8a110068a72095e6d2deb4929c3dffb4') in 0.003481 seconds
Start importing Packages/com.unity.collab-proxy/Editor/Assets/Images/iconlockedremoteoverlay@2x.png using Guid(f73a7d8758d7be04588b15637d94b5a8) (TextureImporter) -> (artifact id: '5eaad08335bb8cb3e2dad08c2f7aa74a') in 0.0039042 seconds
Start importing Packages/com.unity.collab-proxy/Editor/Assets/Images/d_iconlock.png using Guid(f7adc828ed70a485db62c459bdf09525) (TextureImporter) -> (artifact id: 'ffd4e1d2ff44d2f60340b9439c6b320f') in 0.003899 seconds
Start importing Packages/com.unity.collab-proxy/Editor/Assets/Images/iconhistory@2x.png using Guid(08c1bc2a008284ed6987b801a480e64a) (TextureImporter) -> (artifact id: '278818cd483d6dece0ccbee9f24fa44b') in 0.0039329 seconds
Start importing Packages/com.unity.collab-proxy/Editor/Assets/Images/iconlockretained@2x.png using Guid(1844d3d99090a0b43b60a5f1ff821467) (TextureImporter) -> (artifact id: 'a11a1b43b303635769c7c7e0bf4a05ec') in 0.0033953 seconds
Start importing Packages/com.unity.ugui/Editor Resources/Textures/btn_AlignBaseLine_Light.psd using Guid(18775b51e3bd42299fd30bd036ea982f) (TextureImporter) -> (artifact id: '1a495e1ce5526ed67ee574dae0533a9b') in 0.0037411 seconds
Start importing Packages/com.unity.timeline/Editor/StyleSheets/Images/DarkSkin/TimelineAutokey_active@2x.png using Guid(183f7b7549219ab47becb461a16df882) (TextureImporter) -> (artifact id: '698b4034793bbeb584f5f242e58531b2') in 0.0036022 seconds
Start importing Packages/com.unity.timeline/Editor/StyleSheets/Images/LightSkin/TimelineActivation.png using Guid(2887294cc7f1fe840bff6e349409648d) (TextureImporter) -> (artifact id: 'f4784d86c6320ceb2e8ebbccb8d24cdd') in 0.0037885 seconds
Start importing Packages/com.unity.collab-proxy/Editor/Assets/Images/d_step1.png using Guid(38236a82ff44aaa4b972248479d5f970) (TextureImporter) -> (artifact id: '4881de92438e4105a005736c959c60d2') in 0.0039551 seconds
Start importing Packages/com.unity.ugui/Editor Resources/Textures/btn_AlignTop.psd using Guid(48d034c499ee4697af9dd6e327110249) (TextureImporter) -> (artifact id: 'a96cb0d29ddbcf5fc4102e6b4f3bcfe4') in 0.0036287 seconds
Start importing Packages/com.unity.testtools.codecoverage/Editor/Icons/d_CodeCoverage.png using Guid(48e45b7f100ee4b48a02e05135e6cece) (TextureImporter) -> (artifact id: 'ba3b81932f7dfca2bc8a6a1d911cad60') in 0.0033903 seconds
Start importing Packages/com.unity.collab-proxy/Editor/Assets/Images/iconpendingchangesview@2x.png using Guid(58f6d5934224b4bb0a67d67e45a6654b) (TextureImporter) -> (artifact id: 'a49a78188af2ad2f13d12cc70c7c69d7') in 0.0032652 seconds
Start importing Packages/com.unity.ugui/Editor Resources/Textures/btn_AlignBottom_Light.psd using Guid(585b70cb75dd43efbfead809c30a1731) (TextureImporter) -> (artifact id: '29742929484d1a98dba94bc7aca7fa80') in 0.0034673 seconds
Start importing Packages/com.unity.collab-proxy/Editor/Assets/Images/d_iconpendingchanges@2x.png using Guid(68302c8c48e3cee4aad72dbbf7894781) (TextureImporter) -> (artifact id: '03f16e864f89af94c0dda332634e8778') in 0.0037357 seconds
Start importing Packages/com.unity.collab-proxy/Editor/Assets/Images/d_exclusionrule@2x.png using Guid(78de972b7bcb2424e8560a8c310a6d10) (TextureImporter) -> (artifact id: 'cee44c2188aafdbc8eb90de89683a6a2') in 0.0034289 seconds
Start importing Packages/com.unity.timeline/Editor/StyleSheets/Images/LightSkin/TimelinePingPong.png using Guid(88d697f38121de443ba144702e5122d9) (TextureImporter) -> (artifact id: '7d3e105e3c12fd2ff8e1085712d7f8c4') in 0.0035603 seconds
Start importing Packages/com.unity.collab-proxy/Editor/Assets/Images/d_iconconflicted.png using Guid(881798b77426a8f47b533dcc4767e9e5) (TextureImporter) -> (artifact id: '0f779e75ec06f1f9b8312819ee7413ff') in 0.0031559 seconds
Start importing Packages/com.unity.collab-proxy/Editor/Assets/Images/iconundo.png using Guid(98773313eabe35543bfdbf542ccea271) (TextureImporter) -> (artifact id: 'f6f4daa35a5c4a91a17040e29d1075b4') in 0.0033585 seconds
Start importing Packages/com.unity.collab-proxy/Editor/Assets/Images/iconbranch.png using Guid(981b1c6358520f245a69c070270eca96) (TextureImporter) -> (artifact id: '3e218d214d58ddf10a2b9dc23325574b') in 0.0033095 seconds
Start importing Packages/com.unity.collab-proxy/Editor/Assets/Images/d_iconconflictedoverlay.png using Guid(a892bcc7ae1871447926b3c44d158763) (TextureImporter) -> (artifact id: '157682a34f6d49a7f760c2a8189bac1a') in 0.0030102 seconds
Start importing Packages/com.unity.timeline/Editor/StyleSheets/Images/Icons/TimelineEditModeMixON.png using Guid(a82846d41464fcf4b962ebdc815963f5) (TextureImporter) -> (artifact id: '65f222fdc13fbab166cfaee5a943fec7') in 0.0032066 seconds
Start importing Packages/com.unity.timeline/Editor/StyleSheets/Images/LightSkin/TimelineSignalCollapsed.png using Guid(a88fa20ed164bbe4da6bf533f94a3113) (TextureImporter) -> (artifact id: '0aef735927f982f324fb1392c50b2821') in 0.0035141 seconds
Start importing Packages/com.unity.timeline/Editor/StyleSheets/Images/Icons/TrackLockButtonEnabled@2x.png using Guid(b8c531b4e51e4994a81837c4e9b0d649) (TextureImporter) -> (artifact id: '138a309263bbaaa7098bec4505578912') in 0.0033638 seconds
Start importing Packages/com.unity.collab-proxy/Editor/Assets/Images/iconincomingchangesview@2x.png using Guid(b8263c2f8ead9485180cfeaa9bde0999) (TextureImporter) -> (artifact id: 'd31775801745f466b741c24546f21ee6') in 0.0034792 seconds
Start importing Packages/com.unity.collab-proxy/Editor/Assets/Images/icondeletedremote.png using Guid(b85a4b2ec6433d04895612d791edc260) (TextureImporter) -> (artifact id: 'e2bc611a720e4d5528387cd7f1f841cc') in 0.0032031 seconds
Start importing Packages/com.unity.timeline/Editor/StyleSheets/Images/Icons/TimelineCollapseMarkerButtonDisabled.png using Guid(b80d5b6acdfbc114b9efab6295fd96c1) (TextureImporter) -> (artifact id: '16c8ceefe5358ed7e490868bd6f5ee14') in 0.003588 seconds
Start importing Packages/com.unity.collab-proxy/Editor/Assets/Images/d_step1@2x.png using Guid(c8a69ecdf54ac8e4b873466605de27ff) (TextureImporter) -> (artifact id: '5f6911d1256992dd9b3467301eaf2e4e') in 0.0036408 seconds
Start importing Packages/com.unity.collab-proxy/Editor/Assets/Images/iconlabel@2x.png using Guid(c8396bd7e257d6b4b8d1d72fdb7a2684) (TextureImporter) -> (artifact id: '09148cd1d58f78cbced9176b8c8f04c6') in 0.0036038 seconds
Start importing Packages/com.unity.collab-proxy/Editor/Assets/Images/d_iconretainedoverlay.png using Guid(d83d26a46db2b504fbcfa6f2aae590b6) (TextureImporter) -> (artifact id: '79fc9a5e5aa4b57d90389144705ec2a0') in 0.0036802 seconds
Start importing Packages/com.unity.timeline/Editor/StyleSheets/Images/Icons/d_TrackLockButtonEnabled.png using Guid(e8aa120f1b4731e43a2dd31eb70bbbe2) (TextureImporter) -> (artifact id: '3f41925b820cc9d9f2e93b88bbbb7ac3') in 0.0037367 seconds
Start importing Packages/com.unity.collab-proxy/Editor/Assets/Images/d_iconoutofsync@2x.png using Guid(f82dfc5fc3c5a8f4080a3550427019c8) (TextureImporter) -> (artifact id: 'ed3cdffbb24858fec87698820b6bb8de') in 0.0036403 seconds
Start importing Packages/com.unity.collab-proxy/Editor/Assets/Images/icondeletedremoteoverlay.png using Guid(092347b12f348a6439e85218cd291ea2) (TextureImporter) -> (artifact id: '52f2d1f2b5b5b8d5073a8a178f5fc80e') in 0.0034726 seconds
Start importing Packages/com.unity.collab-proxy/Editor/Assets/Images/d_buttonhome.png using Guid(09fca212d621e844a8a0f11a9ac6c1bc) (TextureImporter) -> (artifact id: '7cff3ecba16fe57364dd0bf196f9497a') in 0.0031729 seconds
Start importing Packages/com.unity.timeline/Editor/StyleSheets/Images/Icons/TimelineEditModeReplaceOFF.png using Guid(09ae14686a02d484ab41e76fd1efba14) (TextureImporter) -> (artifact id: '24af83785c7c9dfa155af6cbacc39dc7') in 0.0032674 seconds
Start importing Packages/com.unity.collab-proxy/Editor/Assets/Images/d_iconpackageupdateavailable@2x.png using Guid(19b06b801c204604290761788cf6e125) (TextureImporter) -> (artifact id: '90191b393b181db556bcaaabb67737b9') in 0.0034734 seconds
Start importing Packages/com.unity.testtools.codecoverage/Editor/Icons/FolderOpened.png using Guid(1935829ae7024da448814ef05b31e6c4) (TextureImporter) -> (artifact id: '2c8a02c04d44c0124fc8a091ed8da04f') in 0.0036992 seconds
Start importing Packages/com.unity.timeline/Editor/StyleSheets/Images/Icons/TrackMarkerButtonDisabled@2x.png using Guid(193dae938a3136440b693b45a2494737) (TextureImporter) -> (artifact id: '1b3c7d7774794fc686f52aa67bcf36b8') in 0.0033617 seconds
Start importing Packages/com.unity.collab-proxy/Editor/Assets/Images/d_iconshelve.png using Guid(292bae633fda01e41b8847fad37495c2) (TextureImporter) -> (artifact id: '732cb0b988f053451ea39a1cf0f42f13') in 0.0036803 seconds
Start importing Packages/com.unity.collab-proxy/Editor/Assets/Images/d_ArrowCaretRight@2x.png using Guid(3943479b9e27741a78451950ae5841f6) (TextureImporter) -> (artifact id: '50dac9e6f142abe29637f559c71a51d7') in 0.0035078 seconds
Start importing Packages/com.unity.collab-proxy/Editor/Assets/Images/iconcheckedoutlocaloverlay@2x.png using Guid(3999034958d54364da380a8839a11050) (TextureImporter) -> (artifact id: '630de6255c5ff56aedfa1177f0ca4761') in 0.0038849 seconds
Start importing Packages/com.unity.timeline/Editor/StyleSheets/Images/Icons/d_TimelineEditModeMixOFF.png using Guid(39d9575ed0465354cb02b69ea18526de) (TextureImporter) -> (artifact id: '5438ecd1168d2212043bd04d3cd03363') in 0.0038744 seconds
Start importing Packages/com.unity.ugui/Editor Resources/Textures/btn_AlignCapLine_Light.psd using Guid(49679f302ac6408697f6b9314a38985c) (TextureImporter) -> (artifact id: '0c8e74f2e2efb25c12e64c1e29b6457a') in 0.0038832 seconds
Start importing Packages/com.unity.timeline/Editor/StyleSheets/Images/Icons/TrackRecordButtonDisabled.png using Guid(495998c718a094540bbe57ae5ab07647) (TextureImporter) -> (artifact id: '951166332065c20da37c714082350b7e') in 0.0040348 seconds
Start importing Packages/com.unity.collab-proxy/Editor/Assets/Images/iconchangesets@2x.png using Guid(59d17703fae374169bc28ce046728590) (TextureImporter) -> (artifact id: '7254de396c1f5392c4b74eb279fceff2') in 0.0042102 seconds
Start importing Packages/com.unity.collab-proxy/Editor/Assets/Images/refresh@2x.png using Guid(59571f82a0dc1a14da606dc0df6f8ea7) (TextureImporter) -> (artifact id: '1c674ccc20edb29efa94c0be0a9f83d3') in 0.0039803 seconds
Start importing Packages/com.unity.collab-proxy/Editor/Assets/Images/d_iconclouddriveview@2x.png using Guid(59eedc7f076ac5749993ec0e94b87af3) (TextureImporter) -> (artifact id: '0b9180261721b7b76f1aee8bbf17be25') in 0.0041544 seconds
Start importing Packages/com.unity.timeline/Editor/StyleSheets/Images/LightSkin/TimelineEndPlayback.png using Guid(6952cd3b0f88917449a8fa4d19fc5009) (TextureImporter) -> (artifact id: 'ad02618722777754bc4112e669e7dc5d') in 0.0035748 seconds
Start importing Packages/com.unity.ugui/Editor Resources/Textures/btn_AlignFlush.psd using Guid(691475c57a824010be0c6f474caeb7e1) (TextureImporter) -> (artifact id: '7e394207e0309e71f6085b544acdee99') in 0.0038375 seconds
Start importing Packages/com.unity.collab-proxy/Editor/Assets/Images/d_secondarytabclose.png using Guid(6975ee4c1f40caf4da8dd733ee2cfeaf) (TextureImporter) -> (artifact id: '9005591956c18e74c975a384cc7f7823') in 0.0041255 seconds
Start importing Packages/com.unity.collab-proxy/Editor/Assets/Images/step3.png using Guid(69899ed144c8eea4baea48b858b37746) (TextureImporter) -> (artifact id: '07885c9086487b2573969c63d3a1d12d') in 0.0043224 seconds
Start importing Packages/com.unity.collab-proxy/Editor/Assets/Images/d_iconundo.png using Guid(691dc543ff5b9ca44bf846657ba04161) (TextureImporter) -> (artifact id: 'bd9d38b25627c05c55139f16730df588') in 0.0041989 seconds
Start importing Packages/com.unity.collab-proxy/Editor/Assets/Images/iconshelve@2x.png using Guid(695fbddd7238dc94c8f102d9191c2886) (TextureImporter) -> (artifact id: 'fa86a7473198cce8651e20cfa7ff616b') in 0.0036851 seconds
Start importing Packages/com.unity.timeline/Editor/StyleSheets/Images/LightSkin/TimelineInfiniteTrackNoShadow.png using Guid(69ff79f863a32ad44a9497d4896d9d1c) (TextureImporter) -> (artifact id: '6b90cd6c89532bacc93afb75f609f616') in 0.0045156 seconds
Start importing Assets/ˮ��/�˳�ui.png using Guid(894cec94461203344ad9f40ee8d2cfe0) (TextureImporter) -> (artifact id: 'ddb65d873c6f9722ec621de50279bea6') in 0.012471 seconds
Start importing Packages/com.unity.collab-proxy/Editor/Assets/Images/d_step2.png using Guid(897c3a3f5c4038345a7143573bbb4a40) (TextureImporter) -> (artifact id: '6881538cfb7ac20f53a39cc051897765') in 0.0036776 seconds
Start importing Packages/com.unity.collab-proxy/Editor/Assets/Images/iconadd.png using Guid(99d1cf315f771ae48ab6f41c99a8d7cb) (TextureImporter) -> (artifact id: 'b34ab39402c5abacf238c07287e78715') in 0.0033829 seconds
Start importing Packages/com.unity.collab-proxy/Editor/Assets/Images/d_iconmergeview.png using Guid(998e4aae0494244578bee3771d57801c) (TextureImporter) -> (artifact id: 'db1c1b57e105b67486d4da403ce27efd') in 0.0034277 seconds
Start importing Packages/com.unity.collab-proxy/Editor/Assets/Images/iconplasticnotifyconflict.png using Guid(a916ed6819efd014588f58e3cfc48196) (TextureImporter) -> (artifact id: '29f5f67d3b40712c862b1dfbbac0943a') in 0.0038456 seconds
Start importing Packages/com.unity.collab-proxy/Editor/Assets/Images/d_step3@2x.png using Guid(c9ed6d6ea2f9657409bfa068d4846139) (TextureImporter) -> (artifact id: 'f00b84a48755118b7d877197273a433a') in 0.0037517 seconds
Start importing Packages/com.unity.timeline/Editor/StyleSheets/Images/DarkSkin/TimelineSignalCollapsed.png using Guid(d91793cd853a258448e4d5545bb38e45) (TextureImporter) -> (artifact id: '3ee7cf54400782b732d199096c6fdfaa') in 0.0035605 seconds
Start importing Packages/com.unity.collab-proxy/Editor/Assets/Images/iconpackageupdateavailable.png using Guid(e9cc02852345307449379a9a877679da) (TextureImporter) -> (artifact id: 'a653766044a4288ef810cbe6561b958c') in 0.0033259 seconds
Start importing Packages/com.unity.collab-proxy/Editor/Assets/Images/buttonssosigninunity.png using Guid(f9161c6c9e06dc445ada3ee16d991f90) (TextureImporter) -> (artifact id: '8a28f3f3eff9892d54bb5f40de75d395') in 0.0035614 seconds
Start importing Packages/com.unity.timeline/Editor/StyleSheets/Images/LightSkin/TimelineKeyframe.png using Guid(f9fd2f335364cda41937eab39bf20049) (TextureImporter) -> (artifact id: '865b0b3eb389f72a68f8cdf491a05a3f') in 0.0036361 seconds
Start importing Packages/com.unity.collab-proxy/Editor/Assets/Images/iconconflicted@2x.png using Guid(f95f697d66d238446b1ab717def09945) (TextureImporter) -> (artifact id: '983fae01a0464e118e74c846d76589bd') in 0.0030528 seconds
Start importing Packages/com.unity.collab-proxy/Editor/Assets/Images/d_iconcurrentbranch.png using Guid(0a02e43184c7e9c4c9c59b601100b705) (TextureImporter) -> (artifact id: 'e3c1540323a891161972ac8b8f51cc04') in 0.0036538 seconds
Start importing Packages/com.unity.collab-proxy/Editor/Assets/Images/d_iconemptygravatar@2x.png using Guid(0ac55f9f886d827408c102bdf33c5ff7) (TextureImporter) -> (artifact id: '97e06237ef5f08753c321a394f4c0cf6') in 0.0041665 seconds
Start importing Packages/com.unity.collab-proxy/Editor/Assets/Images/hideversioncontrol.png using Guid(0a08fa9ec51507e488400cee024073a7) (TextureImporter) -> (artifact id: '50ebcd3f69b62e5995fefeb22596861f') in 0.0039705 seconds
Start importing Packages/com.unity.timeline/Editor/StyleSheets/Images/LightSkin/TimelineAutokey_active.png using Guid(0a5e3e063c4e1ab45999cf6e40c13c07) (TextureImporter) -> (artifact id: '2e6eca46e8ac93c264b89e110db64295') in 0.0035196 seconds
Start importing Packages/com.unity.timeline/Editor/StyleSheets/Images/LightSkin/TimelineSignalSelected.png using Guid(1a7852b1b33b816498b6af1e739f5995) (TextureImporter) -> (artifact id: 'c0072747367fe3e2d8bc936dbe6c7d67') in 0.0031089 seconds
Start importing Packages/com.unity.collab-proxy/Editor/Assets/Images/d_iconconflictresolvedoverlay@2x.png using Guid(4a231ba0e81e63849a8f985c228e8acd) (TextureImporter) -> (artifact id: '083cf49cee3bb835ff28a012fc073aa8') in 0.0035605 seconds
Start importing Packages/com.unity.collab-proxy/Editor/Assets/Images/d_iconpendingchanges.png using Guid(4aa4898734bfdbc4dbd410de4141e533) (TextureImporter) -> (artifact id: '6c6335bfc2a58f10d2449a378a63ffc2') in 0.0036071 seconds
Start importing Packages/com.unity.collab-proxy/Editor/Assets/Images/d_iconprivateoverlay.png using Guid(4a652ffb5816840768619c35903cb1fa) (TextureImporter) -> (artifact id: '852976e6456866482d30304fae468a12') in 0.0035772 seconds
Start importing Packages/com.unity.collab-proxy/Editor/Assets/Images/d_iconrepository.png using Guid(4a4dfcc81b0e1214fbbd0003c8ab4070) (TextureImporter) -> (artifact id: '6ccfffb4b81fcb5002631691d4dbdaf7') in 0.0036333 seconds
Start importing Packages/com.unity.timeline/Editor/StyleSheets/Images/Icons/d_TrackMuteButtonDisabled.png using Guid(6ab002208ec290544b44bc263dc58a95) (TextureImporter) -> (artifact id: '893410b3b4f65626947886e4b16f8d68') in 0.0034893 seconds
Start importing Packages/com.unity.collab-proxy/Editor/Assets/Images/d_secondarytabclosehover.png using Guid(6a9d211bea1bc4a429d86cbb2d0b0a3e) (TextureImporter) -> (artifact id: 'de779813255f8dbc260a4b06a11e7dcd') in 0.0036346 seconds
Start importing Packages/com.unity.ugui/Editor Resources/Textures/btn_AlignCenter_Light.psd using Guid(6ace62d30f494c948b71d5594afce11d) (TextureImporter) -> (artifact id: '952715b1e496c43652885f6b6c74819b') in 0.003414 seconds
Start importing Packages/com.unity.collab-proxy/Editor/Assets/Images/iconplasticnotifypendingchangesandincoming@2x.png using Guid(9a9269fb6330f4ae1964f9eb1c203537) (TextureImporter) -> (artifact id: '544d2d6951d51c88984067fc304c96cb') in 0.0034493 seconds
Start importing Packages/com.unity.collab-proxy/Editor/Assets/Images/d_secondarytabclosehover@2x.png using Guid(9aa4348290784b2468144a97eb15d8d7) (TextureImporter) -> (artifact id: '75e4ca1344347e145f15c18bbe647496') in 0.003382 seconds
Start importing Packages/com.unity.collab-proxy/Editor/Assets/Images/iconaddedlocal.png using Guid(9a1ab8af8c446204e989a90f18305caf) (TextureImporter) -> (artifact id: '57dcc2d44830d60803ac7c0ee5b48404') in 0.0037109 seconds
Start importing Packages/com.unity.visualscripting/Graphics/GraphGroup.psd using Guid(9aebf5eaf632b8a4898b295d2cb20c0d) (TextureImporter) -> (artifact id: 'f278f7e539c9519722ca8d3ce20a04bb') in 0.0039234 seconds
Start importing Packages/com.unity.collab-proxy/Editor/Assets/Images/d_iconemptygravatar.png using Guid(9aebd705574f9e642aef1e5f59b3e4d8) (TextureImporter) -> (artifact id: '8ec9d7526f435ac08c91f8cb7357b70c') in 0.0035019 seconds
Start importing Packages/com.unity.collab-proxy/Editor/Assets/Images/d_iconmovedoverlay.png using Guid(aa56ed15cc1254489866c414e4d3c7ba) (TextureImporter) -> (artifact id: '203fda8cb98f29f47a4df6bb5efa051d') in 0.0034807 seconds
Start importing Packages/com.unity.visualscripting/Editor/VisualScripting.Core/IconMap/Variables@32x.png using Guid(ba736aa67df8cee43b1b679c961d74f4) (TextureImporter) -> (artifact id: 'ae66dea9b7de19d8f8ce436afe9f5f61') in 0.0033222 seconds
Start importing Packages/com.unity.collab-proxy/Editor/Assets/Images/iconlock@2x.png using Guid(ba96945b6a1b743579931a87e98041fe) (TextureImporter) -> (artifact id: '77451a4cfc8f99d8bb590185c7fe68ea') in 0.0035763 seconds
Start importing Packages/com.unity.collab-proxy/Editor/Assets/Images/iconlockretained.png using Guid(bac66973cba57b842965eb95154fba7e) (TextureImporter) -> (artifact id: 'c3e00f5414b90313e2ece938f87b521b') in 0.003287 seconds
Start importing Packages/com.unity.collab-proxy/Editor/Assets/Images/d_iconlockretained.png using Guid(ba2e8a5b6413ebc46b4f580903cb911d) (TextureImporter) -> (artifact id: '1c12250f9b1186fa107ae9c0f0c2362c') in 0.0036938 seconds
Start importing Packages/com.unity.ugui/Editor Resources/Textures/btn_AlignBottom.psd using Guid(ca51b19024094d1b87f3e07edb0a75fb) (TextureImporter) -> (artifact id: '4cd5d2a6445ff8ea077ee9db808ad227') in 0.0035894 seconds
Start importing Packages/com.unity.collab-proxy/Editor/Assets/Images/iconmergeview@2x.png using Guid(ca92e845b7b4b41da8e081ca8c0ed3b8) (TextureImporter) -> (artifact id: 'b5a8f7aaac962e959fc187e7f14433db') in 0.0039208 seconds
Start importing Packages/com.unity.collab-proxy/Editor/Assets/Images/iconinfobellnotification.png using Guid(ca9343b72095cb846be99d76d069dfc0) (TextureImporter) -> (artifact id: '8229006f061837f871c9c09cea3e6c92') in 0.0033463 seconds
Start importing Packages/com.unity.collab-proxy/Editor/Assets/Images/iconemptygravatar@2x.png using Guid(da545229eea36164d8b8cba2f75a1143) (TextureImporter) -> (artifact id: '9e8f656ca6b26687725e6dec0d70a529') in 0.0040044 seconds
Start importing Packages/com.unity.collab-proxy/Editor/Assets/Images/iconcurrentbranch@2x.png using Guid(ead32eef98d0a664fb5b025c4bf013d4) (TextureImporter) -> (artifact id: 'a2abb91bdb2ce4e2f9a66c68017cbb0a') in 0.0039241 seconds
Start importing Packages/com.unity.timeline/Editor/StyleSheets/Images/DarkSkin/TimelineInfiniteTrackNoShadow.png using Guid(eae63adb172f1164db61a7f4bdfc3637) (TextureImporter) -> (artifact id: 'b603d92ee513d403bf865a1fac74d373') in 0.0037848 seconds
Start importing Packages/com.unity.ugui/Editor Resources/Textures/btn_AlignJustified_Light.psd using Guid(fa6bd40a216346b783a4cce741d277a5) (TextureImporter) -> (artifact id: '412fa69202990b18171d95b8e9b50921') in 0.0041568 seconds
Start importing Packages/com.unity.collab-proxy/Editor/Assets/Images/d_iconlockedremoteoverlay@2x.png using Guid(2bb4e96f5d0b02c468932d665a015c54) (TextureImporter) -> (artifact id: 'e3432178e61b8e065b86c66790340753') in 0.0040089 seconds
Start importing Packages/com.unity.collab-proxy/Editor/Assets/Images/d_iconinviteusers@2x.png using Guid(2b9bf8ec5d54fe249ac9e20979ccd42c) (TextureImporter) -> (artifact id: '0926d8a32cfd9b33364013ea8d13be94') in 0.0037928 seconds
Start importing Packages/com.unity.timeline/Editor/StyleSheets/Images/DarkSkin/TimelineTimeCursor.png using Guid(3b9e9b3d9ade166499e7a17109ca73bf) (TextureImporter) -> (artifact id: '690f78c2891034ed2a404c86d8900a3a') in 0.003585 seconds
Start importing Packages/com.unity.timeline/Editor/StyleSheets/Images/Icons/TrackAvatarButtonEnabled.png using Guid(4bf6507f1346b2746a35384f6a5fd5f9) (TextureImporter) -> (artifact id: '262901663c72be13f23f929aeafb4dc7') in 0.003461 seconds
Start importing Packages/com.unity.collab-proxy/Editor/Assets/Images/d_iconmergeview@2x.png using Guid(5bc0112babc1a49bdbd1f6e5d9c13c7b) (TextureImporter) -> (artifact id: '7d72e3b7dbd454324c4ca5115d47cebd') in 0.0036065 seconds
Start importing Packages/com.unity.timeline/Editor/StyleSheets/Images/Icons/d_TimelineEditModeReplaceON.png using Guid(7b4b3cedf598c954cb2f38d6e2e34c0d) (TextureImporter) -> (artifact id: '8a999bd50d5f9106456b3b6f0bd69dc1') in 0.0036778 seconds
Start importing Packages/com.unity.collab-proxy/Editor/Assets/Images/d_iconclouddriveview.png using Guid(8b32b34c806b4de4cb7f04b3344b6966) (TextureImporter) -> (artifact id: '43dd48b35083ae98cb3aee20631d7586') in 0.0037408 seconds
Start importing Packages/com.unity.ugui/Editor Resources/Textures/btn_AlignBaseLine.psd using Guid(8bc445bb79654bf496c92d0407840a92) (TextureImporter) -> (artifact id: '85aeac6cdb610e934b266fa48a81ed08') in 0.0037543 seconds
Start importing Packages/com.unity.collab-proxy/Editor/Assets/Images/d_iconbrex@2x.png using Guid(9b76c79563c3a274aa48b0dbdf009693) (TextureImporter) -> (artifact id: 'efe954ae09dad2c45c71cd6b279968d2') in 0.0040011 seconds
Start importing Packages/com.unity.collab-proxy/Editor/Assets/Images/iconbrex@2x.png using Guid(ab97695f01bc84c4b93e8440531417e7) (TextureImporter) -> (artifact id: '0e49b247c0f061a085953cb7bac5a209') in 0.0039052 seconds
Start importing Packages/com.unity.timeline/Editor/StyleSheets/Images/DarkSkin/TimelineIconClipIn.png using Guid(ab1e2f0dfb0df5e40bb95359b3d8ed3a) (TextureImporter) -> (artifact id: '0a79ffe04b485c2205ea8301f2b20f83') in 0.0043364 seconds
Start importing Packages/com.unity.ugui/Editor Resources/Textures/btn_AlignMidline_Light.psd using Guid(bb42b2d967d6427983c901a4ffc8ecd9) (TextureImporter) -> (artifact id: 'dfd6b8422823fb25aa1a60d0941c6d27') in 0.0042201 seconds
Start importing Packages/com.unity.collab-proxy/Editor/Assets/Images/d_iconcheckedoutlocaloverlay.png using Guid(bb1928aff4fd4cf44af1f629dc14ef9b) (TextureImporter) -> (artifact id: '0c24a7cb158b3b2d61dfbd75116915f9') in 0.0039882 seconds
Start importing Packages/com.unity.timeline/Editor/StyleSheets/Images/Icons/TrackMuteButtonDisabled@2x.png using Guid(db31466324572e740a431e4e0e03a016) (TextureImporter) -> (artifact id: 'aee5abd3aa0f3bce9810c9f46a460cf0') in 0.0040856 seconds
Start importing Packages/com.unity.timeline/Editor/StyleSheets/Images/Icons/d_TrackRecordButtonDisabled@2x.png using Guid(db15c78579dee4a4db85f392634c8ecc) (TextureImporter) -> (artifact id: '409ccd9025df3212e600f6e84a6a7b93') in 0.0037586 seconds
Start importing Packages/com.unity.timeline/Editor/StyleSheets/Images/Shared/TimelineBottomShadow.png using Guid(db66ea47c76423f4a881937d34495801) (TextureImporter) -> (artifact id: 'd389b650c2fed3f5c140c7740dd26e3c') in 0.0038488 seconds
Start importing Packages/com.unity.collab-proxy/Editor/Assets/Images/d_iconprivateoverlay@2x.png using Guid(eb56188e070e442c4b93b8856b5c1ab0) (TextureImporter) -> (artifact id: '1e8820edec5e91633a78b96743a41ae1') in 0.0035083 seconds
Start importing Packages/com.unity.collab-proxy/Editor/Assets/Images/iconcheckedoutlocaloverlay.png using Guid(eb591dd22aae343468cc4dd017c550d0) (TextureImporter) -> (artifact id: 'dd557c5e545d45c9679677a448693e93') in 0.0036253 seconds
Start importing Packages/com.unity.collab-proxy/Editor/Assets/Images/iconplasticnotifypendingchanges@2x.png using Guid(eb1c900f0d4a3ee42a9a49630bf88a12) (TextureImporter) -> (artifact id: 'd19fe8d0ae9ad24f597d5aa8d7528d71') in 0.0039033 seconds
Start importing Packages/com.unity.ugui/Editor Resources/Textures/SectionHeader_Dark.psd using Guid(fb5730e24283d0c489e5c7d0bee023d9) (TextureImporter) -> (artifact id: '5a0f5f6f99b51d502b748eecb3a01002') in 0.0039148 seconds
Start importing Packages/com.unity.visualscripting/Graphics/FlowPorts_24x.psd using Guid(fb8aec2313da2234687b591ff0c0e622) (TextureImporter) -> (artifact id: 'ede17f904f7d48e9f715d2a83e000473') in 0.0032793 seconds
Start importing Packages/com.unity.timeline/Editor/StyleSheets/Images/Icons/d_TrackCurvesButtonEnabled.png using Guid(fbcdeb07ee516a64daa01ce462874280) (TextureImporter) -> (artifact id: 'd1040a9e346240db01c975562f7cc0b7') in 0.0034358 seconds
Start importing Packages/com.unity.collab-proxy/Editor/Assets/Images/hideversioncontrol@2x.png using Guid(fbfdd7d489e0bd54f946ebc8e19db8bd) (TextureImporter) -> (artifact id: '5b254fc09e9a937ec2999682c94daa72') in 0.0035297 seconds
Start importing Packages/com.unity.collab-proxy/Editor/Assets/Images/d_iconaddedlocal.png using Guid(0c6a2a64ca9f9c946a7dbbd1674cf5bd) (TextureImporter) -> (artifact id: 'c434c5c3a791a430d614ddffadeb4088') in 0.0036513 seconds
Start importing Packages/com.unity.visualscripting/Editor/VisualScripting.Core/IconMap/FlowGraph@32x.png using Guid(0ccb256674ae837499e788d1cca73948) (TextureImporter) -> (artifact id: '12319cffa3ca3bfe41c78ffcd6f2f114') in 0.0034872 seconds
Start importing Packages/com.unity.collab-proxy/Editor/Assets/Images/ArrowCaretLeft.png using Guid(1c16a099b53fd4712b2d4cdb8fecd9f8) (TextureImporter) -> (artifact id: '2d1d8d22d02532838ca086bed6309532') in 0.0036451 seconds
Start importing Packages/com.unity.timeline/Editor/StyleSheets/Images/Icons/d_TrackLockButtonEnabled@2x.png using Guid(2c85066ea99cfbe4f90294bf295ce543) (TextureImporter) -> (artifact id: '78cfd8c21e3a695d8c6ff67a3f96b764') in 0.0033449 seconds
Start importing Packages/com.unity.collab-proxy/Editor/Assets/Images/d_icondeletedremoteoverlay@2x.png using Guid(2cfbf6619eb047545a425e8a31732c83) (TextureImporter) -> (artifact id: '5198baca723a56cd3bc1c3153f0d0629') in 0.0037019 seconds
Start importing Packages/com.unity.collab-proxy/Editor/Assets/Images/d_iconinfobellnotification@2x.png using Guid(3cf8ae89579fd29479f4269d09600e16) (TextureImporter) -> (artifact id: '7e2b0321674a7056f45489c8d56a9240') in 0.0042345 seconds
Start importing Packages/com.unity.collab-proxy/Editor/Assets/Images/iconedit.png using Guid(3cbf8d5b4d364724baa11fed1344d029) (TextureImporter) -> (artifact id: '16c7850e0fe232063be99570f609fdc6') in 0.0033512 seconds
Start importing Packages/com.unity.collab-proxy/Editor/Assets/Images/exclusionrule@2x.png using Guid(4c635bf514a064e8d9688218d937fe77) (TextureImporter) -> (artifact id: 'c302a306ab451706a9bdaffcc73fb1f3') in 0.0036885 seconds
Start importing Packages/com.unity.collab-proxy/Editor/Assets/Images/iconlockedremoteoverlay.png using Guid(4cffcba66879d7a4a9da8554709e9825) (TextureImporter) -> (artifact id: '23c862a7e62f2b302e4ac97de01bb546') in 0.0039017 seconds
Start importing Packages/com.unity.timeline/Editor/StyleSheets/Images/Shared/TimelineGroupBackground.png using Guid(6ca5daa3415451940921fa7e2c3db9e8) (TextureImporter) -> (artifact id: 'c6dfabc49fff5d18f5c95d582f182969') in 0.0035663 seconds
Start importing Packages/com.unity.timeline/Editor/StyleSheets/Images/Icons/TrackAvatarButtonDisabled@2x.png using Guid(7c05578092876a0458b8b480269aef86) (TextureImporter) -> (artifact id: 'ff8cf33c8f5a048cc0154c227270536d') in 0.0034325 seconds
Start importing Packages/com.unity.timeline/Editor/StyleSheets/Images/Icons/d_TimelineEditModeMixON.png using Guid(7c681ffb5a436684fa3e98a9b66775c0) (TextureImporter) -> (artifact id: '762e4c0e01e526acaa99694c562be5d0') in 0.0033268 seconds
Start importing Packages/com.unity.timeline/Editor/StyleSheets/Images/Icons/d_TrackMuteButtonDisabled@2x.png using Guid(9c706019afb28944eb19b500ea0da38c) (TextureImporter) -> (artifact id: '49422bb467dabb77cc953c89eaca6570') in 0.0035756 seconds
Start importing Packages/com.unity.collab-proxy/Editor/Assets/Images/step1.png using Guid(9ce84ff0fdeb13d4a83f077d075dd9a5) (TextureImporter) -> (artifact id: '6521e372e09569a9db9abbbe1f45561e') in 0.0039913 seconds
Start importing Packages/com.unity.timeline/Editor/StyleSheets/Images/Icons/d_TrackRecordButtonDisabled.png using Guid(9c6daec86666cbb4b9e558b839a103db) (TextureImporter) -> (artifact id: 'be70b19c921ddc63b374e3a64d1eec67') in 0.0041085 seconds
Start importing Packages/com.unity.collab-proxy/Editor/Assets/Images/d_iconclosebutton.png using Guid(9cadde7a0d5f9024ab3f2cd5f6a740d6) (TextureImporter) -> (artifact id: '01528daac2e365630566ce457d993928') in 0.003828 seconds
Start importing Packages/com.unity.timeline/Editor/StyleSheets/Images/Icons/d_TrackMuteButtonEnabled.png using Guid(ac5017dfbeee42347b3b45ecc572674e) (TextureImporter) -> (artifact id: 'eb68226fe70c81a2c55d7623195026d3') in 0.0038948 seconds
Start importing Packages/com.unity.collab-proxy/Editor/Assets/Images/d_inclusionrule@2x.png using Guid(bcc1ec3ffeb1c46f7abd19daa3e05f49) (TextureImporter) -> (artifact id: '67aad4b4cd6036f79273569e7f3cbd5f') in 0.0038821 seconds
Start importing Packages/com.unity.collab-proxy/Editor/Assets/Images/iconplasticview.png using Guid(dcb2ee37925b97e438ae244996d81a55) (TextureImporter) -> (artifact id: 'aa29658c724fcda2a312bd32ac497f16') in 0.0036096 seconds
Start importing Packages/com.unity.collab-proxy/Editor/Assets/Images/d_iconoutofsyncoverlay.png using Guid(dc633de6e6e7415448c7568418239a9d) (TextureImporter) -> (artifact id: '1f579cb22abaf67da7243c4ed38b0dec') in 0.0037431 seconds
Start importing Packages/com.unity.collab-proxy/Editor/Assets/Images/d_hideversioncontrol.png using Guid(ec597fbbebec64e4f8725c31ce52fdb7) (TextureImporter) -> (artifact id: 'edbb1c1399106e21162ccc82ddaf12af') in 0.0034949 seconds
Start importing Packages/com.unity.ugui/Editor Resources/Gizmos/TMP - Sprite Asset Icon.psd using Guid(ec7c645d93308c04d8840982af12101e) (TextureImporter) -> (artifact id: 'e113395c2c95852a617cbc9f6fd697b8') in 0.0042019 seconds
Start importing Packages/com.unity.collab-proxy/Editor/Assets/Images/iconignoredoverlay@2x.png using Guid(fcbeb36f6ab89fb498ccbbc3bc2ef51c) (TextureImporter) -> (artifact id: '39c4acaefdecab932671ef5ccbc722e9') in 0.0036557 seconds
Start importing Packages/com.unity.ugui/Editor Resources/Textures/btn_AlignCapLine.psd using Guid(0d9a36012a224080966c7b55896aa0f9) (TextureImporter) -> (artifact id: '8bdf4cd58973737404a534519d8d1b43') in 0.0041807 seconds
Start importing Packages/com.unity.collab-proxy/Editor/Assets/Images/iconundo@2x.png using Guid(0dfbb2b6ddcdd254da80e3418498b3a6) (TextureImporter) -> (artifact id: '64d3f324e539743cac2ef4663840f8b1') in 0.0038639 seconds
Start importing Packages/com.unity.collab-proxy/Editor/Assets/Images/d_iconpackageupdateavailable.png using Guid(1dc16508006061742a802767b556accc) (TextureImporter) -> (artifact id: '5023f60a71d87cc9c59420dfdca9ecdf') in 0.0032207 seconds
Start importing Packages/com.unity.timeline/Editor/StyleSheets/Images/DarkSkin/TimelineMarkerItemSelected.png using Guid(3dd65256ca8837544b3e738c0d3ee0e2) (TextureImporter) -> (artifact id: '83616148c23c794cb3a7458189d8d084') in 0.003995 seconds
Start importing Packages/com.unity.collab-proxy/Editor/Assets/Images/d_icondeletedremoteoverlay.png using Guid(3de8a0634e55df8499c88204001cb0dd) (TextureImporter) -> (artifact id: 'f4727962e9f904c862c94ff25891c2e8') in 0.003846 seconds
Start importing Packages/com.unity.collab-proxy/Editor/Assets/Images/d_icondeletedlocaloverlay.png using Guid(4da274d970a82a943ae3979e7833f3dd) (TextureImporter) -> (artifact id: 'd5af9acacb915ce31c6521d65ce7a945') in 0.0036106 seconds
Start importing Packages/com.unity.collab-proxy/Editor/Assets/Images/d_iconchangesets.png using Guid(4da398eacd0c045bebf576a9f11339b0) (TextureImporter) -> (artifact id: 'bba6705c4355123c0d74abaef3cb74d6') in 0.0041167 seconds
Start importing Packages/com.unity.collab-proxy/Editor/Assets/Images/d_iconoutofsyncoverlay@2x.png using Guid(4d7e6e570e9d65a4c9a994783a0652e2) (TextureImporter) -> (artifact id: '075ad308e1e1b65306c45fdd9c3345a2') in 0.004335 seconds
Start importing Packages/com.unity.collab-proxy/Editor/Assets/Images/d_hideversioncontrol@2x.png using Guid(5de67bf0a3c601f4bab93b4fd3314ab1) (TextureImporter) -> (artifact id: '630329ba4e65c8ed41b5fde49ad3ca50') in 0.0038188 seconds
Start importing Packages/com.unity.collab-proxy/Editor/Assets/Images/loading@2x.png using Guid(5dbc069eb79bd4d43840847264d6d956) (TextureImporter) -> (artifact id: 'c395cd05901e61094b041ffd6c58848b') in 0.0032482 seconds
Start importing Packages/com.unity.timeline/Editor/StyleSheets/Images/Shared/TimelineSeqEnd.png using Guid(5dfe66e61e0d270468ae75349ff3a3eb) (TextureImporter) -> (artifact id: 'ef9406386b32f2b29e21f1f3d663b414') in 0.0038145 seconds
Start importing Packages/com.unity.collab-proxy/Editor/Assets/Images/d_iconundo@2x.png using Guid(6d6088174bb906b49ad8428526ee337b) (TextureImporter) -> (artifact id: 'b11193a9401030389cef75e84377fd50') in 0.0037789 seconds
Start importing Packages/com.unity.timeline/Editor/StyleSheets/Images/Icons/TimelineEditModeReplaceON.png using Guid(6d41c3e8796a4fd4e80840354039e4ac) (TextureImporter) -> (artifact id: '2578a805512da79cef191716e374e785') in 0.0031902 seconds
Start importing Packages/com.unity.collab-proxy/Editor/Assets/Images/iconlock.png using Guid(6d3f95684dd634b18aa9ab45b3e06cfd) (TextureImporter) -> (artifact id: '59ae5a86e6428976828d48a69771bb85') in 0.0031187 seconds
Start importing Packages/com.unity.timeline/Editor/StyleSheets/Images/LightSkin/TimelineMarkerItemCollapsed.png using Guid(7d4691eba7565c34ab785c00fbc27ff8) (TextureImporter) -> (artifact id: 'c51717a6255670f6b75f462b8de56f4a') in 0.0033715 seconds
Start importing Packages/com.unity.collab-proxy/Editor/Assets/Images/iconclipboard.png using Guid(8d91317e8f7610f41a30fcb9c0d99196) (TextureImporter) -> (artifact id: '734cf8e9dffa38f40b44d56bbea6b25e') in 0.0036165 seconds
Start importing Packages/com.unity.collab-proxy/Editor/Assets/Images/d_iconcheckedoutlocaloverlay@2x.png using Guid(8d98ab6168c3e91439339f1908b8fe97) (TextureImporter) -> (artifact id: '5aca5e33831f286ea2129d755b39fce8') in 0.0035198 seconds
Start importing Packages/com.unity.timeline/Editor/StyleSheets/Images/Icons/d_TimelineSignal.png using Guid(ad2e3e92b00839c4e991ca602ef19822) (TextureImporter) -> (artifact id: '1ca810129331e60977c0d201a64b20bc') in 0.0035998 seconds
Start importing Packages/com.unity.timeline/Editor/StyleSheets/Images/Icons/TimelineEditModeRippleOFF.png using Guid(bd7b7cac6eb0c3f469781d9a729a1c94) (TextureImporter) -> (artifact id: '27752b9ec5681c0143435ec70e1821f7') in 0.003112 seconds
Start importing Packages/com.unity.collab-proxy/Editor/Assets/Images/icondeletedlocaloverlay.png using Guid(cd221d2235472c94491e607ae42942dd) (TextureImporter) -> (artifact id: 'aa1f60348e11f677fe72e58854df027f') in 0.0035152 seconds
Start importing Packages/com.unity.collab-proxy/Editor/Assets/Images/d_step2@2x.png using Guid(cdb88fdb0cf46b244a667edaff21c7df) (TextureImporter) -> (artifact id: '6333c5bf3c0de3ec11e23961fdc0b860') in 0.0038273 seconds
Start importing Packages/com.unity.visualscripting/Graphics/FlowPorts_12x.psd using Guid(cdd996c0455369d40a3c5c465015834f) (TextureImporter) -> (artifact id: '2a9c4553a67890b7aa4edd81be0e2e82') in 0.0036237 seconds
Start importing Packages/com.unity.collab-proxy/Editor/Assets/Images/step2.png using Guid(cd0b17b71a5c498428ee91dee8a78a88) (TextureImporter) -> (artifact id: '1a87e93fc96b161d6d719a1f2d8da261') in 0.0034143 seconds
Start importing Packages/com.unity.collab-proxy/Editor/Assets/Images/buttonssosigninemail@2x.png using Guid(ddf2e76e8a1f88f46ae1e42277850b48) (TextureImporter) -> (artifact id: '4685694c7e192d5ea0f9e95ee9b2c2b5') in 0.0038728 seconds
Start importing Packages/com.unity.collab-proxy/Editor/Assets/Images/buttonhome.png using Guid(dda6504e0e7d670488e2fee625f7da02) (TextureImporter) -> (artifact id: '0811bd7414c5aa4dbfd4810a152757f1') in 0.0035425 seconds
Start importing Packages/com.unity.testtools.codecoverage/Editor/Icons/FolderOpened@2x.png using Guid(dd4bd79e2c603964e8cbf04d0851a210) (TextureImporter) -> (artifact id: 'ee2ad22506d0319af87d416abd64620d') in 0.0036983 seconds
Start importing Packages/com.unity.timeline/Editor/StyleSheets/Images/DarkSkin/TimelineHold.png using Guid(ddbd45249a133a846b2f20e39b537565) (TextureImporter) -> (artifact id: '70795a2ffdb6595134c482508281b4c6') in 0.0035755 seconds
Start importing Packages/com.unity.ugui/Editor Resources/Textures/btn_AlignTop_Light.psd using Guid(ed041e68439749a69d0efa0e3d896c2e) (TextureImporter) -> (artifact id: 'a877d9c5df126263f84d870fd956b29c') in 0.0037697 seconds
Start importing Packages/com.unity.collab-proxy/Editor/Assets/Images/iconrepository.png using Guid(ed64f3a17f2ede646be21ed6edc9161a) (TextureImporter) -> (artifact id: 'a2b4eeff1c252b317953b4d3c6cb7f66') in 0.0034665 seconds
Start importing Packages/com.unity.timeline/Editor/StyleSheets/Images/LightSkin/TimelineTimeCursor.png using Guid(ed665472b4fee2043a5c1cc802beaa8e) (TextureImporter) -> (artifact id: '32f4303f93d4fc8b692088ab1a4ba233') in 0.003837 seconds
Start importing Packages/com.unity.timeline/Editor/StyleSheets/Images/Icons/d_TrackAvatarButtonEnabled@2x.png using Guid(fd12dbe3b63ae464f824b4a74c0e1766) (TextureImporter) -> (artifact id: '31b9661935e6e6f00808199f2f967296') in 0.0032884 seconds
Start importing Packages/com.unity.timeline/Editor/StyleSheets/Images/Icons/d_TrackAvatarButtonDisabled@2x.png using Guid(fd194f75fe3d7ca4488fa775ae832fd8) (TextureImporter) -> (artifact id: 'b9b446b3b88acf99cfbe5fcc85da18dd') in 0.003599 seconds
Start importing Packages/com.unity.collab-proxy/Editor/Assets/Images/d_iconoutofsync.png using Guid(0e80bd0b4a8196f46acf73711b9505ec) (TextureImporter) -> (artifact id: 'b60cb6012e6f3e5c1bccd07cba46aad6') in 0.0040883 seconds
Start importing Packages/com.unity.timeline/Editor/StyleSheets/Images/Icons/d_TrackRecordButtonEnabled.png using Guid(0e5ba0f04df278944a8f5a62f64f5aa6) (TextureImporter) -> (artifact id: 'ac378d82396a9cf8760ca3803c5dbf1a') in 0.0033882 seconds
Start importing Packages/com.unity.collab-proxy/Editor/Assets/Images/iconedit@2x.png using Guid(0e3e607c04fbd4d4090157ea31abb634) (TextureImporter) -> (artifact id: '8ecf4179bc67e0a78766fc2821214c62') in 0.0039752 seconds
Start importing Packages/com.unity.collab-proxy/Editor/Assets/Images/iconzoomout@2x.png using Guid(1e71b422b557b1247aaf914bb6e9c0c5) (TextureImporter) -> (artifact id: '11da9c28a9c90ec622dec07d95b75d22') in 0.0040386 seconds
Start importing Packages/com.unity.collab-proxy/Editor/Assets/Images/iconplasticnotifyincoming.png using Guid(1e6c9635b80f973488d8335a081c905f) (TextureImporter) -> (artifact id: '4bcf4f50f8a014224f3af06266eedecb') in 0.0042019 seconds
Start importing Packages/com.unity.ugui/Editor Resources/Gizmos/TMP - Input Field Icon.psd using Guid(3ee40aa79cd242a5b53b0b0ca4f13f0f) (TextureImporter) -> (artifact id: '17eb7789ac7e7ac1777124a1a1db8ba9') in 0.0049184 seconds
Start importing Packages/com.unity.testtools.codecoverage/Editor/Icons/CodeCoverage.png using Guid(5e4d1277a09266944b3431a0a44d0862) (TextureImporter) -> (artifact id: '6f9b0cb632fa7b56a242e3b4f219c6e8') in 0.0038754 seconds
Start importing Packages/com.unity.collab-proxy/Editor/Assets/Images/iconplasticnotifyconflict@2x.png using Guid(6e0a54826ffc3ee46b0aa3e1c1575a69) (TextureImporter) -> (artifact id: 'a0f33d8df56e1c43e4ff7a9a8a265110') in 0.0042289 seconds
Start importing Packages/com.unity.collab-proxy/Editor/Assets/Images/d_loading@2x.png using Guid(7ee48c5fba4919649a8a6094cbead669) (TextureImporter) -> (artifact id: '55e02ad054ae980de8cd981f0a32263e') in 0.0041496 seconds
Start importing Packages/com.unity.visualscripting/Editor/VisualScripting.Core/IconMap/VariablesSaver@32x.png using Guid(8ef7c0fbb1fbcd64e954e5eafe1652ad) (TextureImporter) -> (artifact id: 'c22aab17ed0003dfca2ff198f16b6f50') in 0.0046007 seconds
Start importing Packages/com.unity.timeline/Editor/StyleSheets/Images/DarkSkin/TimelineKeyframe.png using Guid(8eba099eb091faf419fecdcd5cdabfd7) (TextureImporter) -> (artifact id: '6eb33859cc550d299118e4564fb618c0') in 0.0040162 seconds
Start importing Packages/com.unity.collab-proxy/Editor/Assets/Images/exclusionrule.png using Guid(8ebb93c64d7a141569a153a9d4fe9ae2) (TextureImporter) -> (artifact id: 'b7183f566df7dfeabdab4f9d37e87c6c') in 0.0042121 seconds
Start importing Packages/com.unity.collab-proxy/Editor/Assets/Images/ArrowCaretLeft@2x.png using Guid(9e60047ccc6b8422193b170d51796ed2) (TextureImporter) -> (artifact id: '21df37a0176b3be004e22fa6c472cf2d') in 0.0039373 seconds
Start importing Packages/com.unity.timeline/Editor/StyleSheets/Images/Icons/TrackCurvesButtonEnabled@2x.png using Guid(9e541b6dcfb77d34481f69b3d62d0343) (TextureImporter) -> (artifact id: 'a07fe148c94b7359634ef482290148e8') in 0.00421 seconds
Start importing Packages/com.unity.settings-manager/Content/Options.png using Guid(9eff477e4332346818c96745043dae9e) (TextureImporter) -> (artifact id: '14c3ea0d79281818e386ebc437beac6b') in 0.0042292 seconds
Start importing Packages/com.unity.collab-proxy/Editor/Assets/Images/d_iconlockedlocaloverlay@2x.png using Guid(ae53a7884da90e94eb5dfeab594b746c) (TextureImporter) -> (artifact id: 'b7ecd797388dd6e3eca07e3c33789640') in 0.0041354 seconds
Start importing Packages/com.unity.collab-proxy/Editor/Assets/Images/iconplasticnotifyincoming@2x.png using Guid(ae869fe6797f4454cbbf417d87ff637c) (TextureImporter) -> (artifact id: '7eb8675a9bb35acc79d157430f8eb3cd') in 0.004106 seconds
Start importing Packages/com.unity.collab-proxy/Editor/Assets/Images/d_stepok.png using Guid(be423a54b981d38428de82ad12534629) (TextureImporter) -> (artifact id: 'be4be6334d4d863400c103ef21ee7ef2') in 0.0049249 seconds
Start importing Packages/com.unity.collab-proxy/Editor/Assets/Images/stepok@2x.png using Guid(be340a165cb9c8d4cb50f1deeb51d4ea) (TextureImporter) -> (artifact id: 'daa3df2f9d72cf31a56ff85da4345b9a') in 0.0047676 seconds
Start importing Packages/com.unity.collab-proxy/Editor/Assets/Images/ArrowCaretRight@2x.png using Guid(be2e0deab40f1478a99038fcbc19219d) (TextureImporter) -> (artifact id: '8890c2cbfecff44121deb49ae95abc78') in 0.004226 seconds
Start importing Packages/com.unity.collab-proxy/Editor/Assets/Images/d_iconlabel@2x.png using Guid(ce435fe40bff4da41aadc577ebfb27d7) (TextureImporter) -> (artifact id: 'e1223dcd11c31c19948ec470ef75cf28') in 0.0043635 seconds
Start importing Packages/com.unity.ugui/Editor Resources/Gizmos/TMP - Font Asset Icon.psd using Guid(ee148e281f3c41c5b4ff5f8a5afe5a6c) (TextureImporter) -> (artifact id: 'f194708d4edb5383dc496c11ddc1872b') in 0.0043707 seconds
Start importing Packages/com.unity.collab-proxy/Editor/Assets/Images/buttonssosigninunity@2x.png using Guid(ee8ce5cd9c0883f4182b5cfd43cfd7fe) (TextureImporter) -> (artifact id: '6afd2f789dee719692046868e53481ee') in 0.0047961 seconds
Start importing Packages/com.unity.collab-proxy/Editor/Assets/Images/iconclosebutton@2x.png using Guid(fea4bd4d5cc294ea59798fa81207b6d9) (TextureImporter) -> (artifact id: '2bbbea6694ac711ce87359e5f928430c') in 0.0046478 seconds
Start importing Packages/com.unity.timeline/Editor/StyleSheets/Images/Icons/TrackLockButtonDisabled.png using Guid(fef7487d8b06bba408f70354e2463ce4) (TextureImporter) -> (artifact id: '447792c55f1cd5b8a59cb64f00acf56f') in 0.0050807 seconds
Start importing Packages/com.unity.collab-proxy/Editor/Assets/Images/iconclipboard@2x.png using Guid(0ff35d4ec6d381941bdbe1fb4b6dbceb) (TextureImporter) -> (artifact id: '168ba0ef1827044fa52982eafdeab1e2') in 0.0052576 seconds
Start importing Packages/com.unity.timeline/Editor/StyleSheets/Images/Icons/d_TrackRecordButtonEnabled@2x.png using Guid(0f1c9a12872a30f45bab34f536332bb3) (TextureImporter) -> (artifact id: '1a9b14fc212d6145ea0fb4be174a9386') in 0.0043165 seconds
Start importing Packages/com.unity.timeline/Editor/StyleSheets/Images/Icons/d_TrackCurvesButtonDisabled@2x.png using Guid(1f3ea4caa6e0ec74388e4d7d16690e68) (TextureImporter) -> (artifact id: '34003792007bbe94fc91d13c82584e99') in 0.004557 seconds
Start importing Packages/com.unity.ugui/Editor Resources/Gizmos/TMP - Text Component Icon.psd using Guid(2fd6421f253b4ef1a19526541f9ffc0c) (TextureImporter) -> (artifact id: 'c4fde1e8a50a3d1022912e821f5add5c') in 0.0046986 seconds
Start importing Packages/com.unity.collab-proxy/Editor/Assets/Images/d_iconclipboard.png using Guid(3f65802f2a170a145bd30ab3801b8d80) (TextureImporter) -> (artifact id: 'd6574052b17e563d6f918ed15f85ca6d') in 0.0040953 seconds
Start importing Packages/com.unity.timeline/Editor/StyleSheets/Images/Icons/d_TimelineHeaderMarkerIcon.png using Guid(4f8d98ef7dbbe3d469e14c04722cbeed) (TextureImporter) -> (artifact id: '7b9a360be519e87de0e856acde19ee91') in 0.0041717 seconds
Start importing Packages/com.unity.timeline/Editor/StyleSheets/Images/Icons/TrackLockButtonDisabled@2x.png using Guid(6fb5cabb85ba3794682b16eba19440cb) (TextureImporter) -> (artifact id: '98bcdf25bb590f07179331f14137ff97') in 0.0040307 seconds
Start importing Packages/com.unity.collab-proxy/Editor/Assets/Images/refresh.png using Guid(6f6a4c6bd7cdc654d9d91f7de72afcb6) (TextureImporter) -> (artifact id: '034690cd966a8d44e8ea330cde386719') in 0.0041904 seconds
Start importing Packages/com.unity.timeline/Editor/StyleSheets/Images/Icons/d_TrackLockButtonDisabled@2x.png using Guid(6f0b77e050cdb12478ed9514b3a0e40e) (TextureImporter) -> (artifact id: 'dcdc71c521c869b0e723e36eb0f2be9e') in 0.004298 seconds
Start importing Packages/com.unity.timeline/Editor/StyleSheets/Images/Icons/TimelineEditModeMixOFF.png using Guid(8fca5ed160cdc5440a4c7561db4082b2) (TextureImporter) -> (artifact id: '7614021ab2db8fe5eacb6f000480cd70') in 0.0038374 seconds
Start importing Packages/com.unity.timeline/Editor/StyleSheets/Images/Icons/TrackRecordButtonEnabled@2x.png using Guid(8fdae4ac756ed6047b01021ff0cc3ebb) (TextureImporter) -> (artifact id: 'ecc61a5a6a1d038d42506750f67e4912') in 0.0044776 seconds
Start importing Packages/com.unity.collab-proxy/Editor/Assets/Images/secondarytabclosehover.png using Guid(8fac55fff4ce5fa40a7b2efefc0e617a) (TextureImporter) -> (artifact id: '4c9b74a3ac7c91a9967f18f6f34c77c2') in 0.0041985 seconds
Start importing Packages/com.unity.timeline/Editor/StyleSheets/Images/DarkSkin/TimelineAutokey@2x.png using Guid(af24c542434a025448222d576f61a956) (TextureImporter) -> (artifact id: '452e55e3a3fe7b03f568c86d383e31b8') in 0.0046353 seconds
Start importing Packages/com.unity.timeline/Editor/StyleSheets/Images/LightSkin/TimelineAutokey.png using Guid(af3aec622aef40c45813b39e405966a3) (TextureImporter) -> (artifact id: '62e4524430cedddd2f4d10f4ced5fcaa') in 0.0054974 seconds
Start importing Packages/com.unity.collab-proxy/Editor/Assets/Images/ArrowCaretRight.png using Guid(af5dbec545ddf41e7b15fef8a3cfb75b) (TextureImporter) -> (artifact id: '3708666ce657cee60371982e073ab483') in 0.0052631 seconds
Start importing Packages/com.unity.collab-proxy/Editor/Assets/Images/step1@2x.png using Guid(affeade9874cf2347abb155e8d0db4d8) (TextureImporter) -> (artifact id: 'a09730fe6a9e16d3e938745fb86177d5') in 0.0045422 seconds
Start importing Packages/com.unity.collab-proxy/Editor/Assets/Images/iconzoomin.png using Guid(bf9a3e542f66af64a80a6631aa93e516) (TextureImporter) -> (artifact id: '29f61484c978d372998144c642121c90') in 0.0046036 seconds
Start importing Packages/com.unity.timeline/Editor/StyleSheets/Images/Icons/TimelineHeaderMarkerIcon.png using Guid(bf1debab21103154b99778ba6e074175) (TextureImporter) -> (artifact id: '1abdb228fb63d2e1cdf4715f6ba46b9c') in 0.004189 seconds
Start importing Packages/com.unity.timeline/Editor/StyleSheets/Images/Icons/TrackLockButtonEnabled.png using Guid(cf575301f1e76c4478de0e77db15eba0) (TextureImporter) -> (artifact id: '42698826bae3615410aeb8e55e616f67') in 0.0050701 seconds
Start importing Packages/com.unity.timeline/Editor/StyleSheets/Images/LightSkin/TimelineAutokey@2x.png using Guid(cf3fbf98d5c3f1941bd9c0256918a4c8) (TextureImporter) -> (artifact id: 'b3b474eb2f467ab7ba27d7b7f5a88a4c') in 0.0043455 seconds
Start importing Packages/com.unity.collab-proxy/Editor/Assets/Images/iconadd@2x.png using Guid(efa87fc6a7693ac48844726c5391e3ab) (TextureImporter) -> (artifact id: '22af345853f59634bc72a4da0307cb52') in 0.0043071 seconds
Start importing Packages/com.unity.ugui/Editor Resources/Shaders/TMP_SDF_SSD.cginc using Guid(abe6991365a27d341a10580f3b7c0f44) (ShaderIncludeImporter) -> (artifact id: '6210c9b75bcff879a66d3acd3c6dd96f') in 0.0040444 seconds
Start importing Packages/com.unity.performance.profile-analyzer/Editor/ProfileAnalyzerShader.shader using Guid(493b79ea9c9be44ed8b702014d3ac49c) (ShaderImporter)Launched and connected shader compiler UnityShaderCompiler.exe after 0.06 seconds
 -> (artifact id: '92892d7d136d284a05530b2596b67614') in 0.1769674 seconds
Start importing Packages/com.unity.ugui/Editor Resources/Shaders/TMP_SDF Internal Editor.shader using Guid(9c442dc870b456e48b615cd8add0e9ef) (ShaderImporter) -> (artifact id: '1d84de99b17eddc779fc1f69810430fa') in 0.007597 seconds
Start importing Packages/com.unity.collab-proxy/Editor/Assets/Fonts/Cascadia.ttf using Guid(9229ae5dbc38f488d921156ff75869e9) (TrueTypeFontImporter) -> (artifact id: 'b5d51f13761a9d5883a2be1c59d22fe1') in 0.0117678 seconds
Start importing Assets/Resources/Fonts/NotoSansSC-Regular.otf using Guid(2db098a97128d244894baf7d6edc2e51) (TrueTypeFontImporter) -> (artifact id: '8cc90ee64e14ee45ff438496a5064d39') in 0.0464466 seconds
Start importing Packages/com.unity.settings-manager/package.json using Guid(3001f7491ac66e34a9694543d9f8b1ee) (PackageManifestImporter) -> (artifact id: 'e2f0c28c114603b87f13612bd27a9852') in 0.0035776 seconds
Start importing Packages/com.unity.ide.visualstudio/CHANGELOG.md using Guid(6022bdd5b2896a54f94123b812705321) (TextScriptImporter) -> (artifact id: '720a745ec5db42376872ae1664e4f16f') in 0.0034557 seconds
Start importing Packages/com.unity.ugui/README.md using Guid(e0ae6629cc70b514889df37fccb76832) (TextScriptImporter) -> (artifact id: '44afeb028f510a9f4544ce88fd1cf112') in 0.0032231 seconds
Start importing Packages/com.unity.performance.profile-analyzer/LICENSE.md using Guid(1122c571e35634d4aba967c658ce3720) (TextScriptImporter) -> (artifact id: 'd983905c07db9cf871e7a591d22c7ec5') in 0.0033231 seconds
Start importing Packages/com.unity.ugui/package.json using Guid(319b8889f363f5947acf209c17a94149) (PackageManifestImporter) -> (artifact id: '9bee13240db87451f4f878929696863c') in 0.0033688 seconds
Start importing Packages/com.unity.ext.nunit/package.json using Guid(8143d3a8390f2c64685e3bc272bd9e90) (PackageManifestImporter) -> (artifact id: 'b3b8f0f121831b39f23fd68d5d301926') in 0.0031197 seconds
Start importing Packages/com.unity.textmeshpro/package.json using Guid(220e9325710f4235a43492dd1ee4980d) (PackageManifestImporter) -> (artifact id: '6e1fe5195ac1dfd66074d4d1eb0cd675') in 0.0029976 seconds
Start importing Packages/com.unity.timeline/package.json using Guid(13a9c1b4df2e489e8eb9cacca7429596) (PackageManifestImporter) -> (artifact id: 'd2c8babd27b49931462590a7621b0c67') in 0.0031109 seconds
Start importing Assets/Resources/CityData/2.json using Guid(d3f64e68027f67447a781c5e499540b0) (TextScriptImporter) -> (artifact id: 'f18c06e23e61d4c1c9eccb2dbdba1592') in 0.0055625 seconds
Start importing Packages/com.unity.visualscripting/package.json using Guid(545a9d2bc7370224f8d14c22f2f580e0) (PackageManifestImporter) -> (artifact id: '3822502be8b2226eeb973d4bd6669ca0') in 0.003115 seconds
Start importing Packages/com.unity.editorcoroutines/package.json using Guid(6428ca6f30e71ee4dbea7e1d0787cb07) (PackageManifestImporter) -> (artifact id: '98eefa0c8aa493ccebe98d004b2e9b7e') in 0.0029059 seconds
Start importing Packages/com.unity.collab-proxy/package.json using Guid(743fda8c4b219c8429fb5a77ede1c879) (PackageManifestImporter) -> (artifact id: 'ca0bbf923c2052ac2db58437a6873627') in 0.0030294 seconds
Start importing Packages/com.unity.editorcoroutines/CHANGELOG.md using Guid(f4e822a0337b6cf4aade8abffaf819a8) (TextScriptImporter) -> (artifact id: 'e31c290a1a61c3b2c0ef50c30acd1444') in 0.0031934 seconds
Start importing Packages/com.unity.ext.nunit/CHANGELOG.md using Guid(f49bbe06ffa5ae24abe32abdab430c24) (TextScriptImporter) -> (artifact id: 'fceecea86d3291d57dee7acd6734d35a') in 0.0030657 seconds
Start importing Packages/com.unity.ide.visualstudio/package.json using Guid(656f74f6edaa396458412b9e3903d8cd) (PackageManifestImporter) -> (artifact id: 'f015d583ec99e5248c22ceae467b9909') in 0.0028256 seconds
Start importing Packages/com.unity.modules.imageconversion/package.json using Guid(953fab16d15d5885b3600fcd6388b2ad) (PackageManifestImporter) -> (artifact id: '4914195fadd462954a635b65250787ed') in 0.0029467 seconds
Start importing Packages/com.unity.feature.development/package.json using Guid(e5e1f94b4e224941bec175143967961f) (PackageManifestImporter) -> (artifact id: 'f182f1b1c0922660e65990382f960cc7') in 0.0030317 seconds
Start importing Packages/com.unity.modules.unityanalytics/package.json using Guid(26a4f29db434fd79025c91f6126382cc) (PackageManifestImporter) -> (artifact id: '4f55ed6c07c9d593d430c69b12caecd5') in 0.003762 seconds
Start importing Packages/com.unity.ide.rider/package.json using Guid(66c95bb3c74257f41bae2622511dc02d) (PackageManifestImporter) -> (artifact id: '18ec1dd40324424f6cefa6c7ab747c6f') in 0.0031384 seconds
Start importing Packages/com.unity.ide.rider/CHANGELOG.md using Guid(8645aa9c3c74fb34ba9499e14fb332b5) (TextScriptImporter) -> (artifact id: '836fe87ab4920ce23d1d96bbda553c1a') in 0.0029936 seconds
Start importing Packages/com.unity.testtools.codecoverage/CHANGELOG.md using Guid(a6351153cf5e1af468cae5dbc72d1a04) (TextScriptImporter) -> (artifact id: '6def3cfbdc755ca887de41a0c4a73c26') in 0.003076 seconds
Start importing Packages/com.unity.test-framework/CHANGELOG.md using Guid(d691174143fd3774ba63d7c493633b99) (TextScriptImporter) -> (artifact id: '042e5d077a319e13cd83b80ccc9d2b2b') in 0.0031412 seconds
Start importing Packages/com.unity.test-framework/package.json using Guid(d6a2e6e4803de7b43baacdc355fc144d) (PackageManifestImporter) -> (artifact id: 'b4c291a7b646fefb4f0c6f571829a42c') in 0.0032027 seconds
Start importing Packages/com.unity.performance.profile-analyzer/CHANGELOG.md using Guid(379ad77c12d5940bb8254d679e69d4ce) (TextScriptImporter) -> (artifact id: 'c992bd6e450e3d89741fb776ca8c74e8') in 0.0032275 seconds
Start importing Packages/com.unity.performance.profile-analyzer/package.json using Guid(478e38cbe30254f8c868840b4e2f32e1) (PackageManifestImporter) -> (artifact id: '6d5cafbc6acb5da4873d9bc62b282f27') in 0.0030918 seconds
Start importing Packages/com.unity.modules.vr/package.json using Guid(18a4fadfef534684d5af39ca8dc48fe9) (PackageManifestImporter) -> (artifact id: '84052aabb171f6ab790f35d596f62a3c') in 0.0034993 seconds
Start importing Packages/com.unity.ide.visualstudio/ValidationExceptions.json using Guid(788fbcfc0abc6c54b9504cfee3176c22) (TextScriptImporter) -> (artifact id: 'd12498102750afadc18e8e0995d48361') in 0.0032688 seconds
Start importing Packages/com.unity.ugui/CHANGELOG.md using Guid(c851bee4305bddf438cc6ffc515991ce) (TextScriptImporter) -> (artifact id: '80aa7e1c8215b9d3824af55dd65c9c21') in 0.0029901 seconds
Start importing Assets/Resources/Fonts/LICENSE.txt using Guid(89c9098d984950f44ab753ce13d934db) (TextScriptImporter) -> (artifact id: '4d09eaac2998dc9b208860e8919a7c3c') in 0.0060176 seconds
Start importing Assets/Resources/CityData/4.json using Guid(9916fef5e48efe54d9ed34cf3810e520) (TextScriptImporter) -> (artifact id: '605b17da4bf6bc6830d07d0efa80ed81') in 0.0056938 seconds
Start importing Assets/Resources/CityData/3.json using Guid(d910ec3d59c700d418002d740b1933bc) (TextScriptImporter) -> (artifact id: '6319ee63ff370cb4c58d287f37994aa8') in 0.0069333 seconds
Start importing Packages/com.unity.ext.nunit/LICENSE.md using Guid(f91a00d2dca52b843b2d50ccf750737d) (TextScriptImporter) -> (artifact id: '55298590a2352299e08e2ff1f27aa1b0') in 0.0035562 seconds
Start importing Packages/com.unity.testtools.codecoverage/package.json using Guid(ba7d60725b0ec604698819352642be89) (PackageManifestImporter) -> (artifact id: '26cc02375e6793f8f68433eb2368b323') in 0.0038715 seconds
Start importing Packages/com.unity.modules.hierarchycore/package.json using Guid(9b1a5759726ef9d39a0ab82047b615f1) (PackageManifestImporter) -> (artifact id: '2c156e03cb13bcc2a06b8c9b0a7a8ac4') in 0.0036195 seconds
Start importing Assets/Resources/CityData/1.json using Guid(cb04c07432a312f489a6ee6d7a11d02c) (TextScriptImporter) -> (artifact id: '93c6c95db9cd8d85065e1453c1bb7f0e') in 0.0070879 seconds
Start importing Packages/com.unity.ugui/LICENSE.md using Guid(4d3d51749e989f747b2674e0b4d9b3d7) (TextScriptImporter) -> (artifact id: 'ae566241d6b201e35280c27d51ece7ee') in 0.0036363 seconds
Start importing Packages/com.unity.ext.nunit/README.md using Guid(5da62a0c1c5218c4aa16b74546a7822d) (TextScriptImporter) -> (artifact id: 'ebd2415c4602e9e8df3bcf5433f75a5e') in 0.0039471 seconds
Start importing Packages/com.unity.testtools.codecoverage/Third Party Notices.md using Guid(9d40ee9d855163e44bc925c1480d8731) (TextScriptImporter) -> (artifact id: 'c1ab834813b7c278be1068aaca01f9bc') in 0.0035488 seconds
Start importing Packages/com.unity.test-framework/LICENSE.md using Guid(3ec7596410385054a9e0bc90377fbe63) (TextScriptImporter) -> (artifact id: '0186e104071661cdf600f060f6e90c25') in 0.0039408 seconds
Start importing Packages/com.unity.testtools.codecoverage/README.md using Guid(7e9cc6a8fbcda654f9b318a716a79b57) (TextScriptImporter) -> (artifact id: 'c46fbd28e148103a9e27c3b225b0abaa') in 0.0039437 seconds
Start importing Packages/com.unity.ide.visualstudio/LICENSE.md using Guid(1fe9e6e1ae93cf64bbdfbd29300752e1) (TextScriptImporter) -> (artifact id: 'a93d22ec2e92005beaa2c8ad0c1a7aef') in 0.0040855 seconds
Start importing Packages/com.unity.modules.uielements/package.json using Guid(4f0f9b9f3ed97ad2b9ba8f1a8e4666c2) (PackageManifestImporter) -> (artifact id: 'b4bf06aa21c6a6487308088a12a0a110') in 0.0037828 seconds
Start importing Packages/com.unity.feature.development/CHANGELOG.md using Guid(5f2f5f9622f1e424c8e6cda71ab1c9e8) (TextScriptImporter) -> (artifact id: 'd191baced06fd51b5fd3a8315506e8d4') in 0.004477 seconds
Start importing Packages/com.unity.editorcoroutines/LICENSE.md using Guid(7fd8423f910d2394b8580e2705aa247a) (TextScriptImporter) -> (artifact id: '6ecea59619def028b2ddbadee5ef4c87') in 0.0037096 seconds
Start importing Assets/Resources/CityData/5.json using Guid(bf7b0979604a061409c1f2117ff397f4) (TextScriptImporter) -> (artifact id: '637dd6e11bd61f44126f3b9cfd78b38b') in 0.006809 seconds
Start importing Packages/com.unity.ext.nunit/Third Party Notices.md using Guid(bfcb3ba499f7d452b92d9a9cc3378788) (TextScriptImporter) -> (artifact id: 'a0ad95160bf24b81a3492900b4dce76e') in 0.0036749 seconds
Start importing Packages/com.unity.testtools.codecoverage/LICENSE.md using Guid(df3aedd5e490bca44b693f5da1e4d2d5) (TextScriptImporter) -> (artifact id: '32fac287c0fd5510dcb8ba8e8550a080') in 0.003969 seconds
Start importing Assets/ˮ��/2����/����1.mov using Guid(4155e13438d52ef4786af9a4c434657b) (VideoClipImporter)Unexpected timestamp values detected. This can occur in H.264 videos not encoded with the baseline profile. Timestamps will be skewed to correct the playback for C:\Users\chenerxiao\Desktop\新文化大赛\JiangnanProject\Assets\ˮ��\2����\����1.mov
 -> (artifact id: '5972587146f7eadd860970e3b5076f7e') in 0.451535 seconds
Start importing Assets/ˮ��/3����/����2 1.mp4 using Guid(41c8b249290e8d74eb225a7c0a279a30) (VideoClipImporter) -> (artifact id: 'e504fe846ae47f65f3e2dc218b9daf6b') in 0.1593724 seconds
Start importing Assets/ˮ��/4����/����5.mp4 using Guid(716cf5188a3b0844888896f6be35af98) (VideoClipImporter) -> (artifact id: '81bd6b6375f9b134d1de24b5c358fed2') in 0.1985735 seconds
Start importing Assets/ˮ��/3����/����3 1.mp4 using Guid(d18e4538eccf21b438412b780cb31154) (VideoClipImporter) -> (artifact id: '15a81758e8ae591529a8f21dce61ef7a') in 0.1598978 seconds
Start importing Assets/ˮ��/5�Ͼ�/�Ͼ�5(1).mp4 using Guid(e1946900e80b11c4aa08f33807de996a) (VideoClipImporter) -> (artifact id: '24e4562d8aaa6c914cc54b33756a8cee') in 0.2561328 seconds
Start importing Assets/ˮ��/3����/����1.mp4 using Guid(03ed3c03324e8084c9314c4f87882fd0) (VideoClipImporter) -> (artifact id: 'd5a0b704d534acb4590d4508c4740203') in 0.1400466 seconds
Start importing Assets/ˮ��/00e3eb7540f264958c4b9db4e216b373.mp4 using Guid(338e7c7998a8ba8439ac7d3738aae3dd) (VideoClipImporter)Color primaries 0 is unknown or unsupported by WindowsMediaFoundation. Falling back to default may result in color shift. C:\Users\chenerxiao\Desktop\新文化大赛\JiangnanProject\Assets\ˮ��\00e3eb7540f264958c4b9db4e216b373.mp4
 -> (artifact id: '55bb52527d6531f4ba09af88d1098523') in 0.1496476 seconds
Start importing Assets/ˮ��/2����/����4.mov using Guid(a3b31e1c0e856b44bab61832e4f99bd8) (VideoClipImporter)Unexpected timestamp values detected. This can occur in H.264 videos not encoded with the baseline profile. Timestamps will be skewed to correct the playback for C:\Users\chenerxiao\Desktop\新文化大赛\JiangnanProject\Assets\ˮ��\2����\����4.mov
 -> (artifact id: '637fd9bdaf9448451782059b4367b25a') in 0.2668958 seconds
Start importing Assets/ˮ��/1����/����5.mov using Guid(e495a2ee7f901fe49bcf0f113353c05c) (VideoClipImporter)Unexpected timestamp values detected. This can occur in H.264 videos not encoded with the baseline profile. Timestamps will be skewed to correct the playback for C:\Users\chenerxiao\Desktop\新文化大赛\JiangnanProject\Assets\ˮ��\1����\����5.mov
 -> (artifact id: 'e8f1682c7667ce3d66b29020e960ed54') in 0.2862591 seconds
Start importing Assets/ˮ��/3����/����5 1.mp4 using Guid(1561c27ddfbca3a45ad4a4cfcee32a75) (VideoClipImporter) -> (artifact id: '9e1040b35ab172b83abf9bb24fcaab50') in 0.1515482 seconds
Start importing Assets/ˮ��/4����/����3 1.mp4 using Guid(1533c271d1aaa424f91802a2a4551f7a) (VideoClipImporter) -> (artifact id: '6d04a1f2942e5e8cbfeef75833cf6b02') in 0.1708846 seconds
Start importing Assets/ˮ��/5�Ͼ�/�Ͼ�2.mp4 using Guid(65c8617428614754b8d3c070b68299c6) (VideoClipImporter) -> (artifact id: '931bbd8497169a04786a643edc5e6b32') in 0.1814787 seconds
Start importing Assets/ˮ��/1����/����4.mov using Guid(a5e11169a396fde41b91645b9b213e28) (VideoClipImporter)Unexpected timestamp values detected. This can occur in H.264 videos not encoded with the baseline profile. Timestamps will be skewed to correct the playback for C:\Users\chenerxiao\Desktop\新文化大赛\JiangnanProject\Assets\ˮ��\1����\����4.mov
 -> (artifact id: '755d77bdb25effecc7f4bcceae5bee40') in 0.166236 seconds
Start importing Assets/ˮ��/2����/����5.mov using Guid(a5f19da47dbe2ef409ea543107907d24) (VideoClipImporter) -> (artifact id: '110fbd71d94fe16a1a1d00b08e8639c7') in 0.2773273 seconds
Start importing Assets/ˮ��/5�Ͼ�/�Ͼ�3.mp4 using Guid(874d28e74a7854e428dfdf6fdc6f487e) (VideoClipImporter) -> (artifact id: '8eb5c6df892d54eaa1fcca9c469abf8b') in 0.2691105 seconds
Start importing Assets/ˮ��/5�Ͼ�/�Ͼ�6.mp4 using Guid(08da9c8588a26e240a7923a677c1e2bc) (VideoClipImporter) -> (artifact id: 'a69fdd65c6b9af1bba89f25fc59a8527') in 0.2454306 seconds
Start importing Assets/ˮ��/1����/����2(1).mov using Guid(694a2aa871c26a64ba962ef5d52ea921) (VideoClipImporter) -> (artifact id: 'd62db5cee118b1293c68488a1a7c864f') in 0.5618738 seconds
Start importing Assets/ˮ��/4����/����6(1).mp4 using Guid(890ef5678b751c74c931967fdbdca11b) (VideoClipImporter) -> (artifact id: 'b5d6a01b141b67ba1e29bebb30cdbc23') in 0.4310189 seconds
Start importing Assets/ˮ��/3����/����4 1.mp4 using Guid(5a25994caf4ff7947b12e10b17ced11f) (VideoClipImporter) -> (artifact id: '635d3c2f75d2d2458f331e91178ab4fc') in 0.1547738 seconds
Start importing Assets/ˮ��/5�Ͼ�/�Ͼ�1.mp4 using Guid(6a3cd877564a2e540bbf26676b261013) (VideoClipImporter) -> (artifact id: '130f3c9429d937aaa9e17b1052616a38') in 0.2301026 seconds
Start importing Assets/ˮ��/1����/����6.mov using Guid(5b9d725275d329244ad18427efa5ff50) (VideoClipImporter)Unexpected timestamp values detected. This can occur in H.264 videos not encoded with the baseline profile. Timestamps will be skewed to correct the playback for C:\Users\chenerxiao\Desktop\新文化大赛\JiangnanProject\Assets\ˮ��\1����\����6.mov
 -> (artifact id: '477d9a6922c65cef59c297b89999ea92') in 0.1962744 seconds
Start importing Assets/ˮ��/1����/����3.mov using Guid(6b55af4bc022f88478769c4c7a6511ee) (VideoClipImporter)Unexpected timestamp values detected. This can occur in H.264 videos not encoded with the baseline profile. Timestamps will be skewed to correct the playback for C:\Users\chenerxiao\Desktop\新文化大赛\JiangnanProject\Assets\ˮ��\1����\����3.mov
 -> (artifact id: '73de0910a10117009cc58203e82821cf') in 0.2217704 seconds
Start importing Assets/ˮ��/2����/����2.mov using Guid(ac47f3ca822ec804fadeed18533730c2) (VideoClipImporter)Unexpected timestamp values detected. This can occur in H.264 videos not encoded with the baseline profile. Timestamps will be skewed to correct the playback for C:\Users\chenerxiao\Desktop\新文化大赛\JiangnanProject\Assets\ˮ��\2����\����2.mov
 -> (artifact id: 'a64b7b3375bc1952100f88baf50fe110') in 0.2564249 seconds
Start importing Assets/ˮ��/4����/����2 1.mp4 using Guid(dc612e4928076ea49af1bf4fa7384494) (VideoClipImporter) -> (artifact id: '45d0f0924c63b6aaee2eab1a96723dd0') in 0.1664879 seconds
Start importing Assets/ˮ��/4����/����4.mp4 using Guid(1d1969510fb4ead4c811bcd75777b018) (VideoClipImporter) -> (artifact id: '0d948f7797a657908779051fad2f3c24') in 0.1658315 seconds
Start importing Assets/ˮ��/2����/����6.mov using Guid(beb0e5bc8999c7849bfb73f8ad866040) (VideoClipImporter)Unexpected timestamp values detected. This can occur in H.264 videos not encoded with the baseline profile. Timestamps will be skewed to correct the playback for C:\Users\chenerxiao\Desktop\新文化大赛\JiangnanProject\Assets\ˮ��\2����\����6.mov
 -> (artifact id: 'd94014a2fbf4863f41dd5507283583e8') in 0.1807539 seconds
Start importing Assets/ˮ��/4����/����1 1.mp4 using Guid(fef6d1f768cf35542b5fe266685c7c23) (VideoClipImporter) -> (artifact id: 'a86c4e89c7a51bc296d68595d9c480e1') in 0.160865 seconds
Start importing Assets/ˮ��/4����/����7.mp4 using Guid(4f0d33dbfa1cdce4d83db57ac3f705f2) (VideoClipImporter) -> (artifact id: '2179c1aec791c816c8edcc61d35e42e5') in 0.1562624 seconds
Start importing Assets/ˮ��/1����/����1.mov using Guid(9f258d5c4c16502428d53dd5f52c96e7) (VideoClipImporter) -> (artifact id: 'd339cc553426700737e2a0731fc4f4e6') in 0.2953106 seconds
Start importing Assets/ˮ��/2����/����3.mov using Guid(9fd86c748b4bf6b4ca8e5e6d446c1b48) (VideoClipImporter)Unexpected timestamp values detected. This can occur in H.264 videos not encoded with the baseline profile. Timestamps will be skewed to correct the playback for C:\Users\chenerxiao\Desktop\新文化大赛\JiangnanProject\Assets\ˮ��\2����\����3.mov
 -> (artifact id: '21876076581187e30f33f428c337c69b') in 0.2234579 seconds
Start importing Packages/com.unity.collab-proxy/Editor/Assets/Styles/Base.uss using Guid(bdf4f3d05dd541fa829ffa06bfbc8d0c) (ScriptedImporter) -> (artifact id: 'c31cfbc33f29ef0b7dbdf6fcc99bac0d') in 0.0370425 seconds
Start importing Packages/com.unity.collab-proxy/Editor/Assets/Styles/DownloadPlasticExeDialog.uss using Guid(3073089003718474ab284d743790fbb2) (ScriptedImporter) -> (artifact id: '5f5feea857f55aedb737978f4a9b89f9') in 0.0102408 seconds
Start importing Packages/com.unity.collab-proxy/Editor/Assets/Styles/WaitingSignInPanel.uss using Guid(90945345530e7174eb4f0575a0bec0bf) (ScriptedImporter) -> (artifact id: '8c8ac8d0a912248c0cf4ed90bf830d9f') in 0.0070459 seconds
Start importing Packages/com.unity.collab-proxy/Editor/Assets/Styles/ProgressControlsForDialogs.uss using Guid(e05b9be8556f5ae41aa78140b83146d5) (ScriptedImporter) -> (artifact id: '3fa09bce11ad7611605797159401a4fc') in 0.0065383 seconds
Start importing Packages/com.unity.timeline/Editor/StyleSheets/Extensions/dark.uss using Guid(5393cdb70614ab24f94f78bfcf5d1455) (ScriptedImporter) -> (artifact id: 'b109eaca3739d38ddc4f21530c070025') in 0.0093222 seconds
Start importing Packages/com.unity.collab-proxy/Editor/Assets/Styles/SignInWithEmailPanel.uss using Guid(b37675bc656348c429a6c56b2eda1345) (ScriptedImporter) -> (artifact id: 'bc9d54d240138d7131bec88f4fbba44f') in 0.0108667 seconds
Start importing Packages/com.unity.collab-proxy/Editor/Assets/Styles/OrganizationPanel.uss using Guid(642639f75f2dfbd4ab01e6708b58f304) (ScriptedImporter) -> (artifact id: '81b01903b746ca95b68561ef172ce251') in 0.0081643 seconds
Start importing Packages/com.unity.collab-proxy/Editor/Assets/Styles/SignInPanel.uss using Guid(c673e4e20ea67ab40a4661592f51aa99) (ScriptedImporter) -> (artifact id: '6ceb7d4b99132ac461253d9c4f612533') in 0.0075535 seconds
Start importing Packages/com.unity.collab-proxy/Editor/Assets/Styles/TabView.uss using Guid(88da5407899aaaf448a40c85888108ae) (ScriptedImporter) -> (artifact id: 'd350cfe31667cdcedc98e69da5faed43') in 0.0080873 seconds
Start importing Packages/com.unity.timeline/Editor/StyleSheets/Extensions/light.uss using Guid(e98085123be873947970c4f10099a39a) (ScriptedImporter) -> (artifact id: 'a153f199ec77e2511da93a28a20e03ac') in 0.0086836 seconds
Start importing Packages/com.unity.collab-proxy/Editor/Assets/Styles/TeamEditionConfigurationWindow.uss using Guid(1cd69f37df825af4385cd9efe745fc30) (ScriptedImporter) -> (artifact id: '2c6f5d8838bc12a193abe06f390108a3') in 0.0065062 seconds
Start importing Packages/com.unity.timeline/Editor/StyleSheets/Extensions/common.uss using Guid(ada555936059fa149bb48537842ee230) (ScriptedImporter) -> (artifact id: 'f25191357fa9dc16226abfd180b31ff8') in 0.0113695 seconds
Start importing Packages/com.unity.collab-proxy/Editor/Assets/Layouts/TabView.uxml using Guid(d0a8e201e79e1f441bdf295aef957220) (ScriptedImporter) -> (artifact id: '75d1b2eefa8522b146cce63aba2c50dc') in 0.0196025 seconds
Start importing Packages/com.unity.collab-proxy/Editor/Assets/Layouts/WaitingSignInPanel.uxml using Guid(913c727eecab25c489fa2adbad9c9ab8) (ScriptedImporter) -> (artifact id: '3b11af8c25e7a4536e1bd52048e202aa') in 0.0073353 seconds
Start importing Packages/com.unity.collab-proxy/Editor/Assets/Layouts/SignInWithEmailPanel.uxml using Guid(0229db2477529f049aa3683cfba9d23b) (ScriptedImporter) -> (artifact id: '6cde91639370ca2ffe7f99f30422b94b') in 0.0074856 seconds
Start importing Packages/com.unity.collab-proxy/Editor/Assets/Layouts/TeamEditionConfigurationWindow.uxml using Guid(26d3a583da6079145a52a8bef4beb6c5) (ScriptedImporter) -> (artifact id: 'c2d2c3b958d45dd09a6a416d14cdcaf8') in 0.0077702 seconds
Start importing Packages/com.unity.collab-proxy/Editor/Assets/Layouts/OrganizationPanel.uxml using Guid(b6420407edc75d04f89d57eb2fcc314b) (ScriptedImporter) -> (artifact id: '748965fbea8e2b2dd2dc1a82e42c2ab2') in 0.0065105 seconds
Start importing Packages/com.unity.collab-proxy/Editor/Assets/Layouts/SignInPanel.uxml using Guid(18b097dd2d10fb442a321314f4541401) (ScriptedImporter) -> (artifact id: 'b587e6a6fd5b6ca8950de9423f86478f') in 0.0067315 seconds
Start importing Packages/com.unity.collab-proxy/Editor/Assets/Layouts/DownloadPlasticExeDialog.uxml using Guid(3da0c7cf51d8e4b40a5af55a4ca63e4e) (ScriptedImporter) -> (artifact id: '499c7e1e09eab9a45278c8ed0590a2ef') in 0.0056862 seconds
Start importing Packages/com.unity.collab-proxy/Editor/Assets/Layouts/ProgressControlsForDialogs.uxml using Guid(feccc3dff22272744a267246ae760a73) (ScriptedImporter) -> (artifact id: 'b885ab1650225a04ef884b1aaa217f47') in 0.0070847 seconds
[C:\build\output\unity\unity\Modules\LocalizationEditor\LocalizationDatabase.cpp:807]Packages/com.unity.timeline/Editor/Localization/ja.po
Launched and connected shader compiler UnityShaderCompiler.exe after 0.02 seconds
Launched and connected shader compiler UnityShaderCompiler.exe after 0.02 seconds
Launched and connected shader compiler UnityShaderCompiler.exe after 0.02 seconds
Launched and connected shader compiler UnityShaderCompiler.exe after 0.02 seconds
Loading style catalogs (8)
	StyleSheets/Extensions/base/common.uss
	UIPackageResources/StyleSheets/Default/Variables/Public/common.uss
	StyleSheets/Northstar/common.uss
	StyleSheets/Extensions/fonts/inter.uss
	StyleSheets/Extensions/base/dark.uss
	UIPackageResources/StyleSheets/Default/Northstar/Palette/dark.uss
	Packages/com.unity.timeline/Editor/StyleSheets/Extensions/dark.uss
	Packages/com.unity.timeline/Editor/StyleSheets/Extensions/common.uss
Refreshing native plugins compatible for Editor in 4.50 ms, found 4 plugins.
Preloading 0 native plugins for Editor in 0.00 ms.
Asset Pipeline Refresh (id=33a8fe51f00bee74ea2c47c4ba3b7095): Total: 115.936 seconds - Initiated by InitialRefreshV2(ForceSynchronousImport)
	Summary:
		Imports: total=673 (actual=673, local cache=0, cache server=0)
		Asset DB Process Time: managed=37 ms, native=13364 ms
		Asset DB Callback time: managed=208 ms, native=23426 ms
		Scripting: domain reloads=1, domain reload time=942 ms, compile time=77883 ms, other=72 ms
		Project Asset Count: scripts=709, non-scripts=743
		Asset File Changes: new=5116, changed=5116, moved=0, deleted=0
		Scan Filter Count: 0
	InvokeCustomDependenciesCallbacks: 0.002ms
	InvokePackagesCallback: 23119.071ms
	ApplyChangesToAssetFolders: 552.334ms
	Scan: 1517.377ms
	OnSourceAssetsModified: 14.019ms
	CategorizeAssetsWithTransientArtifact: 41.237ms
	ProcessAssetsWithTransientArtifactChanges: 38.237ms
	CategorizeAssets: 12.231ms
	ImportOutOfDateAssets: 11025.240ms (-76855.602ms without children)
		ImportManagerImport: 9993.626ms (148.420ms without children)
			ImportInProcess: 9842.787ms
			UpdateCategorizedAssets: 2.418ms
		CompileScripts: 77883.338ms
		ReloadNativeAssets: 0.001ms
		UnloadImportedAssets: 0.361ms
		ReloadImportedAssets: 2.753ms
		EnsureUptoDateAssetsAreRegisteredWithGuidPM: 0.272ms
		InitializingProgressBar: 0.006ms
		PostProcessAllAssetNotificationsAddChangedAssets: 0.001ms
		OnDemandSchedulerStart: 0.484ms
	PostProcessAllAssets: 549.965ms
	Hotreload: 5.842ms
	GatherAllCurrentPrimaryArtifactRevisions: 0.066ms
	UnloadStreamsBegin: 1.587ms
	PersistCurrentRevisions: 1.134ms
	UnloadStreamsEnd: 0.132ms
	GenerateScriptTypeHashes: 0.252ms
	Untracked: 79057.494ms

Application.AssetDatabase Initial Refresh End
Scanning for USB devices : 1.875ms
Initializing Unity extensions:
[MODES] ModeService[none].Initialize
[MODES] ModeService[none].LoadModes
[MODES] Loading mode Default (0) for mode-current-id-JiangnanProject
Unloading 13 Unused Serialized files (Serialized files now loaded: 0)
Unloading 3697 unused Assets / (2.4 MB). Loaded Objects now: 4304.
Memory consumption went from 151.5 MB to 149.1 MB.
Total: 5.840100 ms (FindLiveObjects: 0.336500 ms CreateObjectMapping: 0.234700 ms MarkObjects: 4.158600 ms  DeleteObjects: 1.109200 ms)

[Licensing::Client] Successfully resolved entitlement details
Batchmode quit successfully invoked - shutting down!
Curl error 42: Callback aborted
Killing ADB server in 2.120608 seconds.
[Physics::Module] Cleanup current backend.
[Physics::Module] Id: 0xf2b8ea05
Input System module state changed to: ShutdownInProgress.
Input System polling thread exited.
Input System module state changed to: Shutdown.
[Licensing::IpcConnector] LicenseClient-chenerxiao-notifications channel disconnected successfully.
[Licensing::IpcConnector] LicenseClient-chenerxiao channel disconnected successfully.
AcceleratorClientConnectionCallback - disconnected - :0
Cleanup mono
Exiting batchmode successfully now!
Exiting without the bug reporter. Application will terminate with return code 0